elapsed_ms,ir
47713,165965
47725,165969
47733,165964
47743,165941
47753,165946
47763,165976
47774,165976
47783,165977
47793,165994
47804,166003
47814,166040
47824,166055
47833,166067
47843,166069
47853,166058
47863,166058
47873,166058
47883,166051
47894,166060
47904,166054
47913,166053
47924,166062
47934,166055
47944,166085
47953,166082
47964,166081
47974,166090
47984,166080
47993,166088
48004,166088
48014,166094
48024,166115
48033,166121
48044,166121
48054,166132
48064,166120
48073,166129
48084,166130
48094,166125
48104,166127
48115,166129
48124,166139
48134,166115
48145,166137
48154,166110
48164,166131
48214,166073
48224,166052
48235,166052
48243,166002
48253,165985
48263,165977
48274,165953
48285,165958
48294,165981
48337,166007
48383,166075
48394,166136
48404,166118
48414,166122
48424,166131
48433,166076
48444,166131
48454,166119
48464,166122
48473,166096
48484,166138
48494,166141
48504,166143
48515,166145
48525,166181
48533,166141
48543,166138
48553,166139
48564,166174
48574,166171
48584,166160
48593,166172
48604,166193
48615,166205
48625,166216
48634,166221
48644,166219
48654,166233
48664,166241
48675,166246
48685,166261
48694,166273
48704,166281
48715,166280
48725,166281
48734,166277
48744,166289
48755,166292
48765,166305
48774,166313
48784,166307
48795,166308
48805,166319
48815,166314
48825,166335
48834,166348
48844,166361
48854,166359
48864,166378
48875,166383
48926,166311
48974,166297
49027,166364
49035,166358
49045,166337
49054,166349
49064,166361
49075,166351
49084,166354
49094,166356
49104,166346
49115,166365
49125,166356
49135,166383
49145,166370
49154,166386
49164,166346
49174,166365
49184,166375
49195,166396
49205,166413
49215,166409
49225,166410
49234,166386
49244,166380
49254,166366
49264,166379
49275,166409
49285,166429
49295,166420
49305,166417
49316,166432
49326,166432
49334,166431
49344,166417
49354,166409
49364,166406
49374,166417
49384,166417
49395,166487
49405,166498
49415,166479
49425,166502
49435,166497
49445,166488
49455,166520
49465,166499
49474,166470
49484,166478
49494,166489
49504,166474
49515,166536
49525,166513
49568,166539
49576,166503
49626,166396
49669,166408
49676,166448
49684,166452
49695,166466
49705,166471
49716,166475
49724,166480
49735,166507
49745,166534
49755,166524
49765,166535
49775,166536
49785,166549
49796,166554
49806,166543
49816,166550
49826,166545
49835,166552
49845,166534
49855,166529
49865,166542
49876,166535
49886,166530
49896,166545
49906,166507
49915,166507
49925,166526
49935,166524
49945,166529
49955,166538
49965,166549
49975,166552
49985,166558
49996,166580
50006,166568
50016,166560
50026,166559
50035,166546
50045,166584
50055,166572
50065,166585
50076,166561
50086,166570
50096,166585
50106,166599
50118,166575
50126,166598
50135,166609
50145,166616
50156,166617
50165,166606
50176,166613
50186,166634
50228,166554
50236,166528
50246,166493
50256,166452
50266,166436
50276,166426
50285,166417
50297,166437
50346,166463
50356,166432
50400,166509
50406,166493
50415,166520
50460,166541
50466,166571
50475,166544
50485,166538
50495,166536
50505,166535
50516,166572
50527,166537
50536,166568
50546,166580
50555,166552
50565,166568
50575,166559
50585,166575
50596,166613
50606,166623
50616,166618
50626,166629
50635,166578
50645,166640
50655,166654
50665,166667
50676,166671
50686,166686
50696,166688
50706,166703
50715,166704
50725,166713
50735,166716
50746,166714
50757,166720
50766,166732
50776,166724
50786,166742
50797,166749
50806,166767
50816,166756
50826,166742
50836,166759
50846,166730
50856,166721
50866,166715
50877,166658
50886,166650
50896,166619
50906,166587
50949,166554
50952,166623
50957,166567
50967,166539
51019,166601
51067,166640
51077,166631
51128,166660
51138,166662
51146,166657
51157,166659
51166,166639
51176,166656
51186,166657
51197,166648
51206,166649
51216,166641
51226,166646
51237,166650
51246,166660
51256,166638
51266,166658
51277,166679
51286,166681
51296,166669
51306,166688
51317,166687
51357,166697
51369,166698
51377,166725
51386,166710
51397,166730
51406,166685
51416,166719
51426,166683
51437,166752
51446,166736
51456,166708
51466,166724
51477,166762
51486,166738
51496,166737
51506,166717
51517,166773
51526,166713
51536,166697
51546,166643
51557,166675
51566,166606
51576,166554
51586,166544
51597,166546
51606,166538
51616,166523
51626,166516
51637,166570
51682,166577
51687,166617
51731,166658
51737,166618
51749,166676
51827,166650
51838,166702
51888,166687
51897,166712
51947,166750
51957,166743
51967,166762
51977,166755
51987,166769
51997,166772
52007,166764
52017,166774
52027,166784
52037,166777
52047,166794
52057,166795
52067,166789
52077,166795
52087,166796
52097,166791
52107,166793
52117,166763
52159,166818
52168,166805
52177,166780
52187,166800
52197,166782
52207,166797
52217,166779
52227,166769
52237,166733
52247,166707
52257,166669
52267,166664
52277,166651
52287,166641
52297,166646
52307,166625
52317,166655
52327,166640
52337,166659
52347,166660
52357,166674
52367,166676
52377,166665
52387,166679
52397,166677
52407,166676
52417,166673
52427,166688
52437,166697
52491,166719
52497,166746
52539,166718
52579,166718
52581,166733
52630,166788
52639,166725
52648,166739
52657,166726
52667,166698
52677,166709
52687,166707
52697,166685
52707,166691
52718,166719
52727,166698
52737,166689
52747,166702
52757,166690
52767,166699
52777,166699
52787,166710
52797,166700
52807,166727
52817,166721
52827,166730
52837,166757
52847,166780
52857,166765
52867,166767
52877,166767
52889,166750
52898,166732
52908,166709
52958,166561
52968,166569
52978,166571
52988,166529
52998,166543
53008,166547
53018,166557
53028,166570
53038,166572
53048,166566
53058,166576
53068,166594
53078,166589
53088,166612
53098,166624
53108,166626
53118,166640
53128,166644
53169,166650
53179,166662
53223,166668
53229,166640
53238,166647
53248,166654
53258,166668
53269,166659
53278,166670
53289,166639
53298,166665
53308,166670
53359,166691
53369,166711
53378,166675
53389,166691
53399,166710
53409,166735
53419,166758
53428,166733
53439,166733
53448,166719
53539,166758
53549,166744
53559,166756
53568,166743
53578,166749
53588,166727
53598,166692
53608,166696
53618,166657
53628,166610
53638,166580
53648,166561
53658,166546
53668,166528
53678,166516
53688,166523
53698,166498
53708,166497
53752,166495
53759,166510
53768,166524
53778,166508
53788,166510
53798,166519
53808,166505
53819,166549
53828,166517
53838,166515
53848,166509
53858,166516
53868,166539
53879,166540
53888,166527
53898,166520
53908,166528
53919,166516
53929,166529
53939,166529
53949,166544
53958,166531
53968,166528
53978,166545
53989,166560
53999,166553
54009,166545
54019,166538
54029,166537
54039,166552
54049,166543
54090,166575
54100,166581
54109,166583
54152,166612
54161,166598
54197,166593
54241,166579
54250,166581
54259,166572
54269,166586
54279,166561
54289,166576
54299,166582
54309,166566
54319,166561
54329,166552
54339,166519
54349,166510
54359,166453
54369,166443
54379,166397
54389,166372
54399,166344
54409,166367
54419,166322
54429,166341
54439,166344
54449,166360
54459,166368
54469,166372
54479,166380
54489,166390
54499,166389
54509,166403
54560,166399
54570,166397
54579,166380
54589,166400
54599,166376
54609,166412
54619,166388
54629,166371
54639,166379
54649,166389
54659,166371
54669,166358
54679,166350
54689,166331
54699,166342
54709,166336
54719,166318
54729,166309
54739,166284
54749,166269
54800,166228
54811,166252
54855,166268
54860,166284
54870,166294
54913,166351
54921,166399
54963,166388
54970,166346
54979,166315
54990,166356
54999,166329
55009,166293
55019,166272
55029,166257
55039,166250
55049,166224
55059,166162
55069,166124
55080,166078
55089,165999
55099,165939
55109,165890
55120,165847
55131,165791
55140,165761
55151,165750
55160,165726
55171,165722
55180,165686
55191,165715
55200,165721
55211,165712
55220,165696
55231,165716
55240,165702
55251,165696
55260,165678
55271,165656
55280,165659
55291,165666
55300,165658
55311,165633
55362,165609
55371,165594
55380,165584
55391,165576
55400,165577
55411,165574
55420,165547
55431,165538
55440,165537
55451,165537
55460,165495
55511,165460
55522,165449
55574,165412
55581,165439
55624,165488
55664,165614
55671,165539
55681,165646
55690,165561
55701,165571
55710,165601
55761,165468
55772,165399
55781,165389
55790,165360
55800,165313
55811,165312
55820,165282
55830,165229
55840,165253
55850,165241
55860,165242
55870,165236
55880,165250
55890,165220
55900,165220
55910,165202
55920,165185
55930,165170
55940,165154
55950,165175
55960,165139
55970,165122
55980,165129
55990,165128
56000,165111
56010,165103
56020,165096
56030,165105
56040,165103
56050,165112
56060,165112
56070,165127
56080,165152
56090,165148
56100,165137
56110,165150
56120,165177
56130,165183
56140,165163
56150,165171
56161,165191
56170,165222
56180,165228
56223,165250
56232,165230
56241,165236
56285,165139
56291,165181
56372,165165
56374,165105
56383,165210
56393,165247
56435,165252
56441,165295
56452,165277
56461,165273
56471,165265
56481,165232
56492,165211
56501,165175
56511,165154
56522,165158
56531,165169
56542,165175
56551,165202
56561,165243
56572,165265
56581,165302
56591,165296
56601,165347
56612,165344
56662,165380
56672,165382
56681,165398
56692,165390
56701,165391
56711,165386
56721,165407
56732,165410
56742,165434
56751,165445
56761,165446
56772,165460
56781,165428
56792,165450
56801,165429
56812,165460
56821,165474
56831,165465
56841,165484
56852,165478
56861,165472
56871,165472
56881,165470
56892,165472
56901,165461
56911,165456
56921,165468
56932,165465
56979,165373
56983,165344
57022,165313
57102,165164
57104,165078
57116,165098
57122,165084
57166,164952
57172,164908
57181,164825
57191,164770
57201,164729
57212,164688
57221,164632
57231,164607
57241,164579
57252,164606
57261,164601
57272,164661
57283,164707
57292,164749
57302,164792
57313,164839
57322,164865
57333,164897
57342,164944
57352,164992
57362,165027
57372,165061
57383,165055
57392,165054
57402,165032
57412,165030
57456,165010
57464,165033
57472,165073
57482,165047
57492,165049
57502,165048
57513,165036
57523,165032
57532,165061
57542,165073
57553,165067
57563,165088
57572,165085
57582,165104
57593,165116
57603,165137
57612,165145
57622,165173
57633,165205
57643,165240
57652,165242
57662,165279
57714,165337
57755,165368
57763,165390
57772,165379
57782,165383
57793,165356
57803,165377
57812,165373
57822,165356
57832,165323
57842,165313
57852,165290
57898,165278
57901,165067
57903,165088
57912,165328
57922,165366
57933,165409
57942,165378
57952,165400
57962,165391
57972,165415
57982,165413
57993,165484
58002,165481
58013,165506
58053,165569
58105,165678
58114,165667
58122,165626
58133,165701
58142,165660
58153,165707
58162,165698
58173,165717
58183,165735
58192,165712
58202,165723
58213,165779
58222,165751
58233,165831
58242,165834
58253,165854
58262,165831
58273,165869
58282,165861
58293,165887
58302,165884
58353,165896
58364,165913
58373,165894
58383,165897
58393,165885
58403,165884
58414,165890
58423,165895
58433,165922
58443,165898
58454,165907
58463,165890
58473,165886
58483,165863
58493,165850
58503,165840
58514,165815
58523,165809
58533,165799
58544,165813
58553,165817
58564,165846
58573,165846
58583,165856
58593,165869
58604,165883
58613,165905
58705,165871
58714,165787
58766,165696
58774,165728
58827,165733
58833,165731
58844,165680
58854,165676
58863,165686
58873,165673
58883,165675
58893,165666
58904,165688
58913,165675
58924,165660
58933,165655
58943,165646
58953,165677
58964,165676
58974,165679
58983,165662
58993,165647
59003,165676
59013,165633
59065,165695
59074,165681
59083,165660
59093,165613
59103,165586
59113,165566
59124,165566
59133,165512
59143,165450
59153,165450
59164,165456
59173,165403
59183,165374
59193,165402
59204,165425
59213,165381
59223,165385
59233,165372
59244,165410
59253,165367
59263,165342
59273,165352
59284,165379
59293,165344
59303,165352
59313,165351
59323,165353
59374,165340
59426,165330
59436,165347
59479,165359
59485,165328
59495,165314
59545,165255
59556,165241
59564,165245
59574,165240
59585,165237
59594,165222
59604,165208
59614,165217
59625,165229
59634,165209
59644,165203
59655,165213
59664,165224
59674,165217
59685,165205
59694,165202
59704,165197
59714,165209
59724,165198
59734,165164
59744,165136
59754,165099
59764,165086
59774,165057
59784,165070
59795,165041
59805,165031
59814,165043
59865,165144
59876,165149
59884,165172
59895,165135
59904,165189
59914,165210
59925,165223
59934,165216
59944,165209
59955,165258
59965,165258
59975,165276
59984,165294
59994,165280
60005,165288
60014,165282
60024,165251
60035,165297
60045,165281
60054,165277
60099,165213
60105,165231
60155,165225
60166,165227
60174,165185
60215,165258
60258,165226
60266,165186
60275,165198
60347,165280
60356,165098
60366,165127
60374,165064
60385,165052
60394,165020
60404,164956
60414,164964
60425,164989
60435,164969
60445,164979
60454,164994
60465,164994
60474,165007
60484,165017
60494,165021
60505,165014
60515,165033
60525,165055
60535,165046
60545,165079
60555,165059
60565,165062
60576,165072
60585,165094
60595,165089
60606,165114
60615,165112
60665,165204
60676,165221
60685,165259
60695,165277
60706,165298
60715,165319
60725,165359
60735,165336
60746,165361
60755,165390
60765,165385
60775,165413
60785,165422
60795,165433
60805,165419
60815,165423
60825,165760
60835,165812
60845,165800
60855,165779
60906,165793
60916,165765
60967,165814
61010,165746
61015,165730
61067,165623
61076,165626
61085,165641
61095,165682
61105,165683
61115,165695
61126,165706
61135,165717
61145,165693
61155,165653
61165,165666
61176,165716
61185,165694
61196,165717
61205,165674
61216,165738
61225,165715
61236,165752
61245,165725
61256,165776
61265,165766
61276,165802
61285,165775
61295,165781
61305,165803
61315,165788
61326,165832
61335,165793
61346,165841
61355,165814
61365,165822
61375,165808
61385,165819
61395,165811
61405,165788
61416,165858
61467,165962
61478,165994
61485,165955
61495,165982
61506,166000
61556,165947
61566,165969
61616,165853
61661,165892
61666,165876
61676,165853
61687,165844
61696,165840
61706,165820
61717,165823
61726,165846
61736,165864
61746,165889
61757,165899
61766,165883
61776,165877
61787,165885
61796,165912
61806,165914
61817,165928
61866,166033
61877,166018
61886,166040
61897,166028
61906,166034
61917,166026
61926,166049
61937,166017
61946,166026
61956,166003
61967,166012
61977,166016
61986,166004
61996,165976
62007,165973
62016,165998
62026,165976
62036,166004
62046,165986
62057,165999
62066,166007
62077,166010
62086,165988
62097,166015
62106,166023
62116,165996
62126,165987
62136,166010
62146,166008
62156,166015
62166,165982
62210,165998
62218,166007
62266,166041
62317,166010
62327,166009
62337,165916
62346,165904
62356,165877
62367,165913
62377,165895
62386,165832
62396,165867
62406,165895
62416,165924
62458,165961
62466,165899
62477,165960
62487,165948
62496,165900
62506,165921
62516,165902
62526,165894
62536,165888
62546,165923
62556,165907
62569,165912
62619,165941
62628,165914
62637,165900
62647,165883
62657,165900
62668,165908
62677,165914
62688,165921
62697,165925
62707,165949
62717,165963
62769,165949
62777,165948
62787,165942
62797,165961
62808,165943
62817,165927
62828,165940
62837,165940
62847,165943
62858,165920
62867,165933
62878,165930
62887,165951
62897,165937
62907,165949
62917,165960
62927,165956
62937,165938
62948,165937
62957,165895
62967,165881
62977,165849
62988,165845
62997,165845
63007,165839
63018,165808
63060,165828
63068,165862
63078,165899
63087,165906
63097,165891
63107,165900
63117,165890
63127,165887
63171,165943
63179,165851
63188,165910
63231,165949
63237,165881
63288,165897
63297,165897
63308,165905
63317,165879
63327,165865
63337,165844
63348,165873
63357,165865
63367,165825
63378,165892
63387,165881
63398,165918
63407,165896
63417,165903
63462,165920
63467,165926
63478,165947
63488,165975
63497,165948
63507,165973
63517,165987
63527,165986
63537,165984
63548,166012
63557,166020
63567,166044
63578,166051
63587,166038
63597,166002
63608,166001
63617,165972
63627,166007
63638,166007
63647,166003
63658,166029
63667,166034
63678,166025
63689,166054
63697,166065
63708,166063
63719,166089
63728,166085
63738,166093
63749,166106
63758,166135
63769,166135
63778,166126
63789,166153
63798,166156
63840,166243
63847,166190
63859,166208
63901,166189
63908,166162
63947,166185
63950,166001
63960,166130
63971,166146
64020,166123
64029,166115
64038,166093
64048,166088
64059,166083
64068,166071
64078,166074
64088,166063
64099,166057
64108,166096
64118,166057
64128,166061
64138,166048
64149,166060
64158,166062
64168,166030
64178,166014
64189,165999
64198,166000
64208,165947
64218,165906
64262,165401
64269,165364
64279,165316
64289,165292
64298,165262
64308,165226
64318,165166
64328,165167
64339,165168
64348,165130
64358,165089
64368,165093
64379,165086
64388,165077
64398,165069
64408,165061
64419,165080
64428,165056
64438,165049
64448,165045
64459,165058
64468,165057
64478,165078
64488,165061
64499,165097
64508,165069
64518,165104
64528,165076
64580,165153
64590,165153
64667,165244
64680,165210
64730,165077
64740,165199
64780,165188
64789,165152
64838,165153
64850,165160
64900,165131
64909,165093
64920,165044
64930,165010
64939,164970
64950,164943
64959,164916
64970,164885
64979,164879
64990,165003
64999,165306
65010,165581
65019,165718
65070,165145
65080,165208
65090,165220
65100,165246
65109,165247
65120,165246
65130,165233
65139,165245
65150,165228
65159,165231
65170,165224
65179,165229
65190,165218
65199,165206
65210,165241
65219,165235
65230,165247
65239,165234
65250,165240
65259,165237
65270,165228
65279,165244
65290,165232
65299,165223
65310,165223
65319,165221
65329,165218
65340,165232
65349,165234
65360,165235
65369,165218
65380,165224
65389,165220
65441,165175
65491,165166
65534,165129
65539,165100
65582,165094
65592,164948
65599,164870
65610,164896
65619,164795
65630,164836
65639,164752
65650,164766
65659,164705
65670,164743
65679,164709
65690,164736
65699,164640
65710,164674
65719,164612
65730,164630
65739,164587
65750,164628
65759,164597
65770,164603
65779,164589
65790,164601
65800,164576
65809,164562
65820,164544
65864,164391
65870,164352
65879,164332
65890,164401
65900,164378
65910,164367
65920,164367
65930,164381
65940,164390
65950,164406
65960,164389
65970,164438
65980,164428
65990,164445
66000,164425
66010,164407
66020,164438
66030,164391
66040,164372
66050,164369
66060,164370
66070,164349
66080,164323
66090,164320
66142,164303
66183,164453
66191,164467
66237,164351
66241,164242
66293,163842
66300,163777
66311,163932
66320,163910
66330,163869
66341,163844
66350,163847
66361,163844
66370,163829
66381,163825
66390,163813
66401,163831
66410,163833
66421,163828
66430,163866
66441,163876
66450,163880
66461,163896
66470,163881
66481,163911
66490,163922
66501,163935
66510,163920
66521,163950
66530,163929
66541,163952
66550,163910
66561,163941
66570,163910
66581,163966
66590,163949
66601,163975
66610,163967
66621,163982
66665,164014
66671,164002
66682,164030
66690,163994
66701,163991
66710,163941
66721,163961
66730,163866
66774,163853
66781,163763
66790,163723
66800,163697
66811,163719
66821,163663
66830,163657
66841,163670
66850,163606
66860,163629
66871,163605
66881,163586
66931,163461
66941,163479
66951,163460
66961,163456
66970,163433
66981,163417
66991,163416
67001,163380
67010,163381
67021,163335
67031,163339
67083,163280
67092,163238
67133,163239
67142,163256
67153,163291
67196,163503
67201,163596
67211,163592
67221,163633
67231,163658
67241,163702
67251,163718
67261,163775
67271,163807
67281,163828
67291,163786
67301,163731
67311,163628
67322,163550
67331,163478
67341,163401
67351,163401
67361,163436
67371,163473
67381,163500
67391,163529
67401,163539
67411,163565
67421,163603
67467,163685
67472,163678
67481,163708
67491,163716
67501,163748
67511,163759
67521,163733
67531,163683
67541,163618
67551,163532
67561,163456
67571,163403
67581,163376
67591,163324
67601,163309
67611,163311
67621,163305
67631,163309
67641,163316
67651,163324
67661,163321
67671,163311
67681,163272
67691,163255
67701,163226
67711,163209
67755,163204
67803,163155
67813,163177
67864,163070
67872,163079
67918,163052
67923,163021
67932,163039
67942,163061
67951,163017
67961,163040
67971,163039
67981,163043
67993,163057
68002,163073
68013,163064
68023,163065
68033,163082
68042,163081
68053,163077
68063,163078
68073,163068
68082,163044
68093,163042
68103,163047
68112,163040
68121,163050
68132,163015
68142,163025
68152,163027
68163,163024
68173,163006
68183,163012
68193,163020
68202,162992
68212,162969
68222,162944
68265,162819
68272,162821
68283,162802
68293,162791
68302,162783
68312,162781
68322,162779
68332,162766
68342,162763
68352,162763
68362,162763
68372,162748
68382,162758
68392,162759
68402,162762
68412,162773
68422,162776
68432,162761
68473,162781
68482,162774
68534,162763
68574,162769
68576,162922
68582,162767
68625,162765
68632,162745
68644,162762
68713,162763
68724,162451
68733,162313
68744,162229
68752,162189
68762,162047
68772,161992
68782,161969
68792,161956
68802,161909
68812,161803
68822,161750
68832,161688
68842,161676
68852,161499
68862,161479
68872,161465
68882,161438
68892,161410
68902,161371
68913,161318
68922,161286
68932,161235
68942,161201
68952,161151
68962,161153
68972,161127
68982,161141
68993,161138
69002,161139
69012,161148
69057,162313
69063,161194
69073,161171
69083,161188
69094,161206
69104,161232
69114,161244
69124,161265
69134,161259
69144,161286
69153,161315
69164,161347
69174,161398
69184,161445
69193,161542
69204,161784
69214,162167
69224,162670
69233,163260
69273,166672
69284,167773
69333,173388
69383,175618
69393,175383
69404,175300
69414,175145
69424,175068
69433,175015
69485,174178
69494,173997
69504,173710
69514,173188
69523,172944
69534,172208
69544,171545
69553,171021
69564,170537
69574,170077
69584,169610
69593,169113
69604,168584
69614,168036
69624,167498
69633,166996
69644,166472
69654,166070
69664,165852
69673,165738
69684,165649
69694,165303
69704,165180
69714,165302
69723,165534
69734,165987
69744,166790
69753,167351
69764,167003
69774,165962
69784,164693
69793,163398
69804,161439
69815,159942
69856,156585
69864,155951
69874,155272
69914,154958
69916,170077
69927,154433
69934,154424
69985,154956
70034,164998
70043,165882
70054,166147
70064,166248
70073,166272
70084,166265
70094,166198
70104,166132
70114,166052
70124,165890
70134,165670
70144,165441
70155,165083
70165,164587
70175,163629
70185,161735
70194,159821
70204,158839
70215,158287
70258,154424
70265,157593
70275,157523
70284,157515
70294,157575
70304,157636
70315,157714
70325,157699
70335,157602
70345,157480
70354,157365
70365,157264
70375,157213
70385,157167
70394,157180
70405,157286
70415,157531
70425,157858
70434,158267
70445,158714
70455,159157
70465,159647
70474,160139
70485,160705
70495,161367
70505,161996
70515,162549
70524,162923
70566,163154
70575,163817
70585,163926
70630,164072
70670,163957
70672,157699
70675,163091
70686,162651
70696,161975
70738,161060
70746,156940
70755,156484
70764,156117
70775,155860
70785,155530
70794,155214
70805,155043
70815,154887
70824,154774
70834,154682
70845,154794
70855,154961
70865,155136
70874,155222
70885,154876
70895,154562
70905,154627
70915,154707
70924,154658
70935,154633
70945,155009
70954,155089
70965,155283
70975,155152
70985,154548
70994,154018
71005,153726
71016,153470
71058,153129
71065,153004
71076,152954
71084,152844
71094,152804
71105,152742
71115,152708
71125,152676
71134,152667
71145,152695
71156,152703
71166,152710
71174,152710
71185,152697
71196,152697
71206,152676
71216,152618
71226,152576
71235,152481
71245,152391
71255,152373
71299,152228
71305,152148
71317,152088
71326,151985
71336,151918
71345,151876
71355,151800
71366,151741
71375,151685
71385,151617
71395,151591
71405,151524
71415,151479
71458,151448
71460,151326
71466,151327
71476,151314
71486,151300
71495,151281
71505,151243
71516,151233
71525,151236
71536,151194
71545,151181
71555,151163
71566,151106
71606,151066
71608,150981
71617,150977
71627,150950
71667,150701
71677,150642
71686,150570
71736,150361
71749,150344
71755,150355
71765,150320
71775,150317
71785,150315
71796,150339
71806,150361
71816,150388
71826,150391
71835,150380
71845,150338
71855,150335
71865,150322
71876,150360
71886,150337
71897,150314
71938,150245
71946,150221
71957,150167
71965,150170
71975,150136
71985,150132
71995,150103
72005,150098
72015,150075
72025,150075
72036,150093
72046,150077
72055,150033
72065,150030
72076,150059
72086,150059
72095,150005
72105,150033
72115,150015
72126,150036
72136,150040
72146,150041
72155,150037
72165,150062
72175,150065
72185,150071
72196,150051
72206,150056
72249,150042
72259,149983
72299,150008
72307,149886
72318,149839
72326,149789
72336,149712
72378,149638
72386,149586
72396,149575
72439,149526
72446,149545
72496,149593
72506,149598
72516,149607
72526,149603
72536,149599
72546,149588
72557,149605
72567,149574
72576,149577
72586,149596
72597,149595
72607,149589
72649,149566
72659,149496
72670,149504
72677,149512
72686,149538
72697,149549
72706,149556
72717,149528
72727,149569
72737,149572
72747,149564
72757,149536
72767,149521
72777,149522
72787,149528
72797,149542
72807,149536
72817,149540
72827,149542
72837,149530
72847,149535
72857,149548
72867,149548
72877,149556
72886,149511
72896,149521
72906,149516
72916,149513
72927,149509
72937,149499
72947,149540
72957,149575
72967,149612
72977,149652
72987,149685
73039,149743
73081,149706
73083,149572
73128,149592
73137,149533
73177,149503
73180,149540
73188,149143
73200,149062
73209,148906
73251,148278
73286,148102
73289,149516
73297,147354
73307,147449
73316,147328
73327,147276
73337,147239
73347,147204
73357,147119
73367,147081
73377,147076
73387,147077
73397,146991
73407,146890
73457,146517
73468,146378
73479,146282
73488,146161
73499,146021
73507,145830
73517,145643
73527,145429
73537,145196
73547,144945
73557,144699
73567,144481
73577,144254
73587,144061
73597,143782
73607,143645
73617,143528
73627,143507
73637,143441
73647,143437
73657,143389
73667,143352
73677,143282
73687,143214
73697,143128
73707,143017
73718,142906
73727,142850
73737,142810
73747,142777
73758,142762
73767,142817
73777,142945
73787,143115
73830,143374
73834,146161
73839,148047
73881,151440
73890,151882
73898,152223
73939,152513
73949,152422
74000,151816
74007,151693
74017,151664
74027,151659
74037,151679
74047,151742
74057,151808
74067,151897
74077,151942
74087,152032
74097,152166
74107,152348
74117,152578
74128,152820
74137,153001
74147,153216
74157,153415
74167,153566
74177,153688
74187,153766
74197,153806
74207,153841
74258,153999
74268,154003
74278,154008
74287,154016
74297,154029
74307,154050
74318,154092
74327,154111
74337,154153
74347,154160
74357,154160
74367,154160
74377,154154
74387,154149
74398,154118
74408,154107
74418,154113
74428,154107
74438,154113
74448,154114
74458,154071
74468,154047
74479,153990
74488,153904
74498,153719
74547,153513
74591,153487
74598,153421
74650,152979
74699,152848
74711,152845
74720,152808
74729,152774
74738,152736
74748,152767
74758,152760
74768,152768
74778,152777
74788,152743
74799,152677
74808,152661
74818,152598
74828,152613
74839,152781
74848,152972
74858,153054
74868,153052
74879,152997
74888,152809
74898,152677
74908,152596
74918,152565
74929,152692
74939,152795
74949,152908
74958,152949
74968,152972
74978,153000
74988,153026
74999,153056
75008,153081
75019,153168
75059,153433
75068,153477
75080,153561
75088,153567
75099,153651
75108,153675
75118,153700
75129,153740
75138,153745
75148,153733
75159,153773
75168,153705
75178,153648
75188,153599
75198,153557
75208,153405
75258,153069
75303,153176
75310,153175
75320,153205
75364,153096
75371,153171
75378,153170
75389,153190
75398,153248
75408,153275
75418,153316
75463,153634
75470,153751
75480,153878
75490,153955
75500,154034
75509,154075
75519,154102
75529,154094
75539,154098
75549,154119
75559,154101
75569,154125
75579,154169
75589,154154
75599,154161
75609,154135
75619,154051
75629,153877
75639,153674
75649,153416
75659,153068
75669,152661
75679,152245
75689,151803
75699,151402
75709,151027
75719,150760
75729,150544
75739,150361
75749,150290
75760,150261
75769,150204
75779,150204
75789,150227
75799,150256
75809,150543
75862,152892
75870,153232
75880,153472
75890,153627
75899,153753
75909,153812
75920,153848
75930,153879
75940,153910
75950,153911
75960,153956
75999,153973
76010,153999
76020,154016
76030,154052
76039,154035
76049,154100
76060,154225
76070,154336
76080,154445
76090,154461
76099,154452
76146,154312
76150,154247
76159,154215
76201,154126
76210,154070
76220,154049
76265,153785
76270,153759
76281,153758
76289,153681
76299,153648
76309,153641
76320,153635
76329,153580
76339,153562
76349,153568
76395,153625
76403,154445
76410,153612
76421,153648
76430,153656
76440,153682
76450,153688
76460,153734
76469,153730
76480,153774
76490,153811
76500,153818
76510,153861
76520,153894
76530,153894
76540,153943
76550,153964
76560,154004
76570,154058
76580,154148
76590,154296
76600,154479
76610,154642
76620,154808
76630,154924
76640,155085
76650,155157
76701,155390
76711,155409
76720,155465
76730,155473
76740,155487
76750,155502
76760,155499
76770,155488
76780,155493
76824,155401
76832,155378
76874,155487
76882,155472
76965,155397
76973,155147
76981,155006
77024,155005
77031,154927
77040,154936
77050,154912
77060,154837
77070,154789
77080,154663
77090,154588
77135,154454
77141,154403
77151,154354
77162,154262
77171,154151
77180,153950
77190,153800
77200,153638
77210,153490
77220,153344
77230,153208
77240,153090
77250,152967
77260,152836
77270,152758
77280,152730
77290,152729
77300,152775
77310,152839
77320,152925
77330,152978
77340,152992
77350,152983
77360,152941
77370,152947
77380,152963
77390,153046
77401,153146
77410,153117
77420,153069
77430,153153
77441,153215
77450,153248
77502,153552
77512,153588
77522,153622
77531,153620
77573,153648
77582,153615
77672,153915
77682,153975
77691,154009
77702,154060
77711,154098
77721,154141
77732,154189
77741,154239
77752,154219
77761,154185
77772,154306
77781,154663
77791,154845
77801,154847
77812,154711
77821,154264
77831,153838
77841,153792
77852,153976
77902,154739
77912,154790
77922,154876
77932,154896
77941,154869
77951,154672
77962,154353
77971,154028
77982,153730
77991,154054
78001,154604
78012,154899
78021,155836
78032,156261
78041,156650
78052,157179
78061,157566
78071,157826
78081,158052
78091,158412
78102,158794
78111,158957
78121,159004
78131,158881
78142,158880
78151,158965
78161,158984
78205,159040
78207,154195
78213,158833
78223,158947
78272,159666
78316,160510
78323,160750
78332,160905
78386,160870
78392,160830
78401,160792
78411,160750
78421,160726
78431,160725
78441,160740
78451,160705
78461,160641
78471,160556
78481,160421
78491,160258
78501,160151
78511,160020
78522,160181
78533,160356
78542,160458
78553,160483
78563,160574
78572,160647
78583,160779
78592,160863
78602,160978
78613,161110
78622,161174
78633,161270
78642,161295
78653,161312
78703,161148
78715,161169
78723,161166
78733,161146
78742,161149
78752,161164
78762,161224
78773,161270
78782,161328
78793,161338
78802,161329
78813,161312
78822,161337
78833,161368
78842,161365
78853,161375
78862,161396
78873,161409
78882,161429
78893,161383
78938,161273
78943,161323
78986,161233
78988,161295
78995,161131
79004,161122
79054,160878
79063,160740
79072,160651
79082,160495
79093,160433
79104,160431
79153,160801
79165,160897
79205,160849
79213,160785
79222,160642
79232,160467
79242,160360
79253,160204
79262,160172
79272,160078
79282,160150
79293,160153
79302,160117
79313,160212
79322,160253
79333,160434
79342,160351
79353,160397
79362,160367
79373,160429
79382,160428
79393,160506
79402,160524
79413,160611
79422,160636
79433,160731
79442,160754
79453,160813
79504,160903
79513,160887
79523,160878
79533,160863
79544,160858
79554,160855
79597,160847
79604,160918
79612,160886
79624,160953
79668,161020
79676,161078
79683,161087
79728,161222
79734,161259
79743,161290
79753,161322
79763,161369
79774,161401
79783,161445
79793,161464
79804,161460
79813,161474
79823,161481
79833,161507
79844,161506
79853,161507
79905,161503
79913,161504
79923,161447
79933,161439
79943,161435
79953,161420
79964,161391
79973,161451
79983,161445
79993,161463
80004,161467
80013,161475
80023,161453
80033,161432
80044,161370
80053,161235
80063,161055
80073,160730
80084,160790
80093,160971
80103,160947
80113,160969
80123,160982
80134,161061
80143,161134
80153,161149
80163,161209
80174,161267
80183,161280
80193,161286
80203,161282
80214,161281
80223,161228
80233,161190
80285,161097
80294,161074
80337,161053
80344,161101
80353,161035
80364,161084
80374,161074
80384,161086
80394,161080
80404,161088
80413,161052
80423,161038
80433,161061
80473,161022
80483,161004
80494,160990
80504,160964
80513,160896
80524,160863
80533,160798
80543,160784
80554,160706
80563,160629
80574,160346
80584,160094
80627,160257
80633,160280
80645,160411
80695,160507
80706,160447
80715,160357
80724,160251
80734,160091
80745,159840
80754,159602
80764,159423
80774,159318
80785,158986
80835,158680
80844,158776
80854,159007
80865,159130
80874,159029
80884,159002
80894,158868
80905,158727
80914,158548
80924,158389
80934,158257
80944,158071
80955,157277
80964,158069
80974,157966
80984,157858
80995,157767
81004,157737
81014,157898
81025,158064
81034,158261
81044,158289
81054,158448
81106,158737
81114,158754
81124,158782
81135,158810
81144,158820
81154,158884
81164,158962
81174,158972
81185,159072
81194,159091
81205,159144
81247,159150
81255,158940
81267,158753
81317,158271
81325,158385
81369,159147
81415,160178
81426,160209
81466,159987
81474,159758
81485,159562
81494,159375
81504,158986
81548,159147
81556,159258
81564,159388
81575,159575
81586,159983
81596,160134
81605,160231
81616,160298
81625,160300
81636,160330
81645,160247
81656,160097
81665,159827
81675,159428
81686,158881
81695,158126
81705,158553
81715,158453
81725,158502
81735,158502
81746,158609
81755,158614
81766,158596
81775,158569
81786,158407
81795,158214
81805,157893
81815,157631
81825,157469
81835,157263
81846,156966
81855,156756
81899,157016
81906,157242
81916,157381
81925,157899
81936,158245
81945,158565
81956,158794
81966,158912
82016,159284
82029,159272
82117,159405
82158,159887
82165,159980
82175,160160
82186,160401
82195,160549
82205,160675
82215,160742
82226,160851
82235,160914
82246,161010
82255,161056
82265,161090
82316,160559
82325,160171
82335,159813
82346,159537
82355,159047
82366,159236
82375,159542
82386,159889
82395,159951
82406,160013
82415,160007
82425,160012
82435,160111
82446,160404
82455,160446
82465,160594
82475,160699
82485,160740
82495,160782
82506,160818
82515,160846
82526,160820
82535,160802
82545,160824
82556,160801
82567,160799
82576,160814
82587,160842
82596,160859
82607,160884
82616,160876
82626,160894
82636,160847
82646,160838
82657,160818
82736,159889
82740,160790
82747,160822
82798,160969
82845,160942
82856,160934
82867,160914
82876,160905
82886,160891
82897,160850
82906,160855
82916,160797
82927,160769
82936,160767
82946,160691
82956,160681
82967,160607
82976,160600
82986,160523
82996,160511
83006,160477
83017,160479
83026,160467
83036,160437
83047,160448
83056,160451
83107,160454
83116,160460
83127,160459
83136,160433
83147,160452
83156,160421
83166,160450
83177,160450
83186,160447
83196,160431
83207,160450
83216,160418
83226,160414
83236,160396
83246,160386
83257,160417
83266,160406
83276,160404
83287,160424
83296,160411
83306,160405
83316,160394
83326,160410
83336,160455
83346,160437
83398,160505
83441,160489
83447,160469
83498,160365
83507,160375
83516,160289
83526,160280
83537,160235
83587,160177
83597,160179
83607,160192
83617,160176
83628,160174
83637,160179
83647,160160
83658,160158
83667,160156
83678,160163
83687,160162
83698,160165
83707,160158
83718,160143
83727,160153
83738,160154
83747,160131
83758,160123
83767,160107
83777,160084
83787,160073
83797,160055
83808,160037
83817,160041
83827,160033
83837,160044
83847,160029
83858,160043
83901,160042
83909,160031
83917,159993
83928,159991
83937,159991
83947,159969
83957,159986
83967,159966
83978,159978
83987,159949
83997,159945
84042,159943
84050,159996
84099,160125
84107,160135
84149,160445
84157,160458
84167,160589
84177,160680
84187,160867
84197,161332
84208,161791
84217,161873
84227,161937
84237,161929
84247,161982
84258,161952
84268,161944
84309,161690
84318,161376
84328,161358
84337,161536
84347,161730
84357,161894
84367,161896
84377,161797
84388,161756
84397,161692
84407,161790
84418,161906
84427,161950
84438,162049
84447,162046
84458,162098
84467,162066
84478,162111
84487,162093
84498,162134
84507,162142
84517,162184
84527,162234
84538,162283
84547,162291
84558,162347
84568,162360
84578,162357
84588,162365
84599,162366
84608,162358
84618,162374
84629,162368
84638,162374
84648,162372
84659,162389
84743,162453
84747,162495
84759,162504
84768,162517
84778,162500
84788,162473
84798,162451
84808,162381
84818,162327
84829,162299
84839,162235
84848,162201
84899,161976
84908,161852
84918,161815
84929,161782
84938,161813
84948,161761
84958,161760
84968,161954
84978,161935
84990,161931
84999,161896
85040,162191
85049,162213
85060,162268
85110,162131
85120,162141
85209,161789
85219,161909
85228,162142
85239,162563
85248,162867
85259,163234
85268,163602
85278,163794
85288,163886
85299,163730
85308,163731
85318,163708
85328,163658
85339,163639
85348,163470
85358,163195
85368,163055
85378,163214
85389,163349
85398,163363
85408,163333
85419,163358
85428,163342
85438,163337
85448,163302
85459,163273
85503,162437
85509,162092
85519,161837
85528,161427
85538,160656
85548,159154
85559,158702
85569,158963
85578,159221
85589,159412
85598,159827
85609,160308
85620,161068
85629,161693
85640,162440
85649,163003
85660,163355
85711,163406
85719,163397
85761,162583
85769,162769
85820,163419
85861,163760
85870,163796
85913,164025
85919,164008
85929,163994
85939,163996
85950,163990
85959,164002
85969,164040
85980,164053
85989,164094
85999,164112
86010,164093
86019,164115
86029,164102
86040,164086
86049,164058
86059,163957
86070,163794
86079,163655
86089,163408
86099,162872
86109,162519
86120,162630
86129,162779
86140,162881
86149,162924
86160,162978
86169,163026
86179,162995
86190,163076
86199,163145
86209,163289
86219,163473
86229,163573
86240,163688
86249,163675
86300,162594
86309,162245
86319,162088
86330,162157
86339,162253
86349,162238
86360,162201
86404,162537
86412,162757
86491,162556
86493,162924
86502,161401
86510,160854
86519,160599
86530,160840
86539,161039
86549,161165
86560,161228
86569,161326
86579,161572
86590,162147
86599,162376
86609,162604
86620,162813
86629,162923
86640,163075
86649,163087
86660,163092
86703,162847
86710,162774
86720,162782
86731,162774
86740,162766
86751,162757
86760,162714
86770,162689
86781,162664
86790,162613
86801,162564
86810,162505
86821,162467
86830,162410
86841,162396
86850,162361
86861,162319
86870,162277
86881,162261
86890,162212
86901,162085
86910,161660
86921,161321
86931,161211
86940,161285
86951,161368
86961,161350
86970,161286
86981,161252
86990,161207
87001,161244
87052,161238
87101,161147
87150,160873
87160,160808
87205,160335
87211,160248
87220,160141
87230,160022
87240,159889
87250,159646
87261,159263
87270,159301
87281,159455
87290,159738
87301,159989
87310,160333
87321,160847
87330,161305
87341,161581
87350,161852
87361,162123
87370,162290
87381,162433
87390,162484
87401,162567
87410,162611
87421,162686
87430,162683
87441,162695
87450,162663
87461,162643
87507,162271
87512,162210
87520,162114
87530,161959
87540,161756
87550,161461
87561,161001
87570,160708
87581,160921
87590,161071
87601,161175
87610,161163
87621,161222
87631,161367
87640,161440
87651,161518
87660,161575
87671,161637
87680,161724
87691,161815
87701,161858
87711,161907
87755,161782
87760,161562
87770,161447
87816,160762
87821,160698
87874,160999
87922,160938
87931,161004
87942,161023
87951,161046
87961,161099
87972,161150
87981,161189
87991,161212
88001,161230
88012,161251
88021,161244
88031,161235
88041,161241
88052,161308
88061,161373
88071,161486
88081,161523
88092,161438
88101,161331
88111,161127
88121,160916
88132,160602
88141,160211
88151,159566
88161,158912
88172,158945
88181,159090
88191,159238
88202,159288
88211,159325
88222,159417
88231,159352
88242,159280
88251,159153
88297,158395
88303,158052
88311,157929
88321,157868
88331,157923
88342,158077
88351,158150
88362,158329
88371,158318
88382,158313
88391,158309
88402,158234
88411,158030
88422,157907
88466,157589
88473,157622
88483,157765
88526,158126
88533,158263
88582,159228
88594,159344
88601,159445
88612,159581
88621,159636
88631,159731
88642,159799
88651,159824
88662,159865
88671,159848
88713,159840
88723,159701
88732,159662
88742,159704
88752,159733
88762,159753
88772,159744
88782,159754
88792,159718
88802,159670
88812,159636
88822,159580
88832,159471
88842,159270
88852,159255
88862,159094
88872,158972
88882,158939
88892,158986
88902,159011
88912,159025
88922,159062
88932,159090
88942,159169
88953,159158
88962,159237
88972,159288
88982,159251
88992,159319
89002,159418
89012,159527
89022,159622
89032,159710
89042,159797
89052,159880
89093,159989
89103,160005
89112,160031
89122,160044
89132,160115
89143,160128
89152,160192
89163,160213
89172,160257
89182,160260
89192,160226
89235,159463
89243,159495
89252,159535
89262,159569
89274,159576
89282,159622
89292,159598
89302,159664
89312,159549
89323,159472
89333,159393
89343,159385
89394,158421
89402,158157
89412,157837
89456,157279
89465,157490
89554,160014
89564,159933
89605,158782
89653,158703
89663,159030
89672,159130
89682,159451
89692,159514
89703,159652
89712,159817
89723,159985
89732,160056
89743,160211
89753,160349
89762,160468
89773,160573
89783,160647
89793,160709
89803,160725
89813,160735
89823,160708
89833,160671
89843,160560
89853,160191
89897,159935
89904,160802
89913,160975
89923,161526
89933,161885
89943,162215
89954,162421
89963,162507
89973,162581
89983,162563
89993,162589
90003,162573
90013,162488
90023,162315
90033,161973
90043,161753
90053,161884
90063,162022
90073,162093
90083,162108
90093,162146
90103,162210
90154,162590
90164,162668
90206,162960
90246,163478
90320,163857
90322,162581
90325,163905
90333,163785
90343,163637
90353,163419
90363,163252
90373,163115
90383,163059
90393,162968
90403,163116
90413,163118
90423,163108
90433,163089
90443,163076
90453,163173
90463,163297
90473,163506
90483,163636
90493,163728
90503,163762
90513,163790
90523,163799
90533,163818
90543,163816
90554,163810
90563,163766
90573,163751
90583,163754
90593,163713
90603,163664
90613,163570
90623,163502
90633,163412
90643,163334
90653,163263
90694,163002
90705,163009
90713,162950
90723,162922
90733,162929
90743,162956
90753,162962
90763,162962
90773,162937
90783,162882
90793,162837
90803,162774
90813,162725
90823,162509
90833,162192
90875,162396
90917,163713
90964,161611
90974,161506
90985,161389
90994,161243
91005,160964
91015,160771
91025,160667
91034,160832
91045,160908
91055,160919
91065,160961
91109,161832
91114,162276
91125,162582
91134,162664
91145,162649
91154,162689
91165,162746
91175,162737
91185,162720
91194,162647
91205,162567
91215,162518
91225,162322
91234,162202
91245,162418
91255,162694
91265,162808
91274,162840
91285,162953
91295,163106
91305,163219
91314,163323
91325,163358
91335,163502
91345,163692
91355,163762
91364,163858
91375,163917
91385,163982
91394,163996
91404,163997
91414,164018
91424,164004
91434,163975
91444,163927
91454,163878
91495,163609
91545,163042
91595,162137
91606,162394
91646,163358
91656,162947
91664,163134
91674,163280
91684,163348
91694,163361
91704,163381
91714,163355
91724,163322
91734,163266
91744,163194
91755,163197
91764,163201
91774,163225
91784,163195
91794,163132
91804,163130
91814,163170
91824,163224
91834,163274
91844,163302
91854,163308
91897,163438
91906,163368
91915,163261
91924,163031
91934,162810
91944,162539
91954,162144
91964,161407
91974,161062
91986,161377
91995,161798
92006,162142
92016,162394
92026,162851
92035,163022
92046,163163
92056,163319
92066,163432
92075,163539
92086,163553
92096,163509
92106,163448
92115,163421
92126,163382
92135,163347
92146,163300
92156,163281
92196,163374
92247,164076
92256,164192
92298,164191
92349,163207
92355,162925
92367,163221
92375,163403
92386,163643
92396,163628
92405,163392
92416,163237
92426,163213
92435,163080
92446,163089
92456,163150
92466,163220
92475,163303
92486,163298
92496,163332
92506,163331
92515,163312
92526,163309
92536,163330
92546,163364
92556,163391
92565,163467
92576,163444
92586,163425
92595,163437
92606,163502
92616,163555
92626,163600
92635,163645
92646,163705
92656,163778
92700,163403
92707,164341
92715,164441
92726,164561
92736,164614
92745,164610
92755,164564
92766,164498
92776,164371
92786,164232
92795,164067
92806,163914
92816,163701
92826,163482
92835,163280
92846,163223
92856,163071
92907,163082
92951,162751
92956,162703
92967,162623
93016,162205
93028,162133
93035,162132
93045,162063
93056,162053
93066,162051
93108,162013
93110,164498
93117,162518
93126,162641
93136,162720
93147,162815
93156,162837
93166,162847
93176,162855
93186,162866
93197,162902
93207,162894
93217,162868
93227,162847
93237,162857
93247,162868
93257,162885
93267,162901
93277,162888
93287,162869
93297,162809
93307,162740
93316,162706
93326,162671
93336,162673
93346,162761
93357,162773
93366,162702
93376,162377
93386,162245
93397,162360
93407,162615
93417,162788
93427,162907
93436,163082
93447,163181
93498,164124
93506,164261
93517,164401
93527,164425
93536,164443
93546,164459
93556,164416
93566,164343
93576,164172
93587,163849
93596,163597
93606,163560
93616,163751
93658,164196
93667,164342
93677,164530
93687,164700
93697,164898
93707,165061
93717,165122
93727,165061
93738,164993
93747,164806
93758,164607
93799,163762
93808,164108
93816,164184
93860,164395
93867,164358
93907,164328
93910,164343
93947,163823
93958,163518
93967,163610
94048,165510
94056,165631
94067,165685
94077,165558
94087,165386
94097,165296
94107,165210
94118,165092
94128,164819
94138,164438
94148,164549
94157,164758
94167,164797
94177,164767
94187,164776
94197,164798
94207,164788
94217,164710
94227,164526
94238,164399
94248,164213
94258,163977
94308,162444
94318,162081
94327,161640
94337,161303
94347,160491
94357,160124
94368,161400
94377,162146
94387,162656
94398,163047
94408,163616
94418,164382
94428,164987
94437,165325
94447,165731
94457,165959
94467,165930
94478,165711
94488,165452
94498,165153
94508,164822
94517,164380
94527,164246
94537,164609
94547,164870
94598,165614
94608,165724
94658,165512
94699,164237
94741,165030
94748,165140
94757,165320
94767,165529
94778,165928
94788,166011
94797,166005
94807,166019
94817,165945
94827,165847
94838,165732
94848,165544
94858,165442
94868,165459
94877,165392
94887,165367
94897,165428
94907,165361
94918,165375
94928,165433
94938,165594
94948,165695
94958,165727
94967,165697
94977,165730
94987,165778
94998,165869
95008,165917
95018,165926
95028,165918
95037,165847
95047,165796
95058,165676
95099,165457
95108,165386
95118,165293
95127,165246
95137,165220
95147,165209
95157,165216
95167,165249
95178,165293
95188,165318
95199,165321
95208,165359
95218,165395
95228,165415
95239,165436
95292,165395
95299,165400
95338,165269
95389,164099
95399,163973
95408,164063
95418,164300
95428,164478
95439,164545
95449,164602
95459,164632
95469,164682
95478,164770
95488,164987
95532,165182
95534,165318
95541,165420
95548,165429
95560,165409
95568,165369
95578,165352
95588,165361
95598,165310
95608,165243
95618,165181
95628,165061
95639,164829
95649,164579
95659,164187
95669,164148
95678,164271
95688,164298
95698,164252
95708,164207
95719,164166
95729,164147
95739,164081
95749,164136
95759,164154
95768,164265
95778,164304
95788,164194
95799,164119
95809,164016
95819,163925
95829,163851
95838,163611
95848,163297
95859,162917
95900,163426
95939,163460
95941,165310
95951,163655
95959,163673
95969,163562
96020,162592
96029,162782
96071,162853
96078,162922
96089,163254
96099,163457
96109,163773
96118,164167
96128,164457
96138,164641
96148,164697
96158,164708
96169,164585
96179,164355
96189,164067
96198,163840
96208,163421
96218,162571
96229,162340
96240,162372
96249,162350
96300,162563
96311,162841
96319,162985
96329,163070
96340,162945
96349,162800
96360,162612
96369,162463
96379,162343
96389,162191
96400,161969
96409,161819
96419,161674
96429,161331
96440,160889
96449,160393
96459,159011
96469,158338
96480,159106
96489,159750
96499,160045
96509,160373
96520,160701
96529,161142
96539,161698
96549,162248
96559,162845
96570,163192
96579,163289
96622,162034
96630,161598
96671,160935
96674,163070
96682,160916
96719,160933
96731,161774
96741,162108
96790,163124
96799,163141
96809,163312
96819,163322
96829,163359
96840,163391
96849,163344
96859,163336
96869,163316
96880,163358
96889,163292
96899,163256
96909,163263
96920,163315
96929,163386
96939,163495
96949,163661
96959,163811
96969,164196
96979,164411
96989,164317
97000,164031
97009,163781
97019,163621
97029,163547
97040,163596
97049,163534
97060,163382
97101,162939
97111,163105
97119,163231
97129,163195
97139,163196
97149,163205
97159,163087
97169,163135
97179,163166
97189,163270
97200,163370
97210,163416
97220,163455
97230,163471
97241,163470
97250,163475
97260,163497
97270,163556
97281,163600
97290,163637
97300,163674
97350,163666
97361,163652
97400,163587
97402,163377
97413,163321
97422,163233
97461,162721
97471,162622
97513,161823
97521,162283
97532,162538
97540,162739
97550,163013
97560,163315
97571,163706
97580,164019
97590,164251
97600,164484
97610,164617
97620,164644
97630,164530
97641,164343
97650,164040
97660,163618
97670,163262
97681,163283
97690,163343
97700,163425
97710,163467
97721,163558
97730,163651
97740,163662
97750,163938
97760,164135
97771,164286
97781,164365
97790,164430
97800,164421
97810,164368
97820,164286
97830,164167
97841,163997
97850,163702
97861,163508
97903,163824
97912,163873
97921,163860
97930,163880
97941,163945
97951,164075
97961,164158
97970,164313
97981,164499
97992,164734
98001,164892
98043,164975
98051,165155
98060,165135
98070,165140
98082,165111
98090,164902
98101,164775
98110,164487
98122,164298
98131,163837
98141,162741
98150,161779
98196,162103
98204,163373
98210,163558
98222,163715
98230,163786
98273,163741
98283,163659
98322,163593
98324,164499
98330,163350
98376,163167
98381,163191
98393,163192
98471,163004
98482,162967
98491,162926
98501,162889
98511,162860
98521,162826
98531,162800
98541,162790
98551,162773
98561,162746
98571,162728
98581,162718
98591,162711
98602,162728
98611,162737
98621,162745
98631,162766
98641,162735
98651,162715
98661,162725
98671,162706
98681,162649
98691,162664
98731,162299
98742,162127
98752,161854
98761,161916
98771,161817
98781,161909
98792,161913
98801,161949
98811,161974
98821,162085
98831,162167
98841,162397
98851,162514
98861,162652
98871,162847
98881,163038
98891,163270
98901,163383
98911,163464
98921,163509
98931,163538
98941,163519
98951,163497
98961,163434
98971,163360
98981,163232
99032,161268
99043,160611
99083,160250
99123,161949
99132,160370
99171,161130
99184,161232
99227,161863
99233,162048
99241,162007
99251,162050
99261,162060
99271,162116
99282,162153
99292,162179
99302,162193
99312,162189
99321,162141
99331,161962
99342,161738
99352,161563
99362,161624
99372,161787
99382,161956
99392,162050
99403,162158
99412,162219
99422,162318
99432,162394
99442,162433
99452,162481
99504,162792
99513,162756
99523,162783
99532,162839
99542,162865
99552,162873
99562,162843
99573,162820
99582,162807
99592,162775
99602,162729
99612,162698
99622,162689
99632,162701
99642,162657
99652,162671
99662,162677
99672,162724
99682,162685
99692,162713
99702,162700
99712,162683
99722,162644
99732,162692
99783,162678
99826,162660
99832,162610
99874,162393
99882,162135
99924,161519
99932,161597
99943,161634
99953,161623
99962,161041
99972,160689
99982,160896
99992,160992
100002,161113
100012,161122
100022,161061
100032,161040
100042,161156
100052,161248
100062,161327
100072,161423
100082,161523
100092,161528
100102,161556
100112,161570
100122,161637
100132,161632
100142,161646
100152,161603
100162,161582
100172,161563
100182,161499
100192,161307
100203,161114
100212,160613
100222,159575
100232,159331
100242,159686
100252,160156
100303,160314
100313,160386
100323,160560
100332,160793
100344,161001
100353,161131
100363,161222
100374,161255
100454,161153
100456,161570
100463,160574
100474,160282
100517,158397
100524,158844
100533,159397
100544,159839
100553,160142
100564,160334
100573,160714
100584,161072
100593,161326
100603,161433
100614,161480
100623,161467
100633,161446
100643,161336
100654,161121
100703,157323
100714,158048
100723,159463
100734,160268
100743,160901
100753,161565
100764,162523
100773,163196
100784,163505
100793,164014
100803,164339
100814,164623
100823,164799
100833,164887
100843,164971
100854,165044
100863,165039
100873,164987
100883,164659
100894,164237
100903,163999
100913,164067
100923,164332
100934,164557
100943,164630
100953,164554
100964,164530
100973,164570
100984,164656
100993,164716
101003,164813
101014,164999
101023,165152
101074,165432
101114,165252
101125,165196
101165,164295
101174,164001
101185,163630
101235,162750
101245,162972
101253,163034
101264,163134
101273,163376
101283,163638
101294,163923
101303,164179
101313,164368
101323,164457
101334,164497
101343,164466
101354,164447
101364,164384
101373,164330
101384,164273
101393,164238
101403,164168
101414,164098
101425,164030
101434,163984
101444,163918
101454,163852
101505,163551
101514,163465
101525,163381
101534,163274
101544,163174
101555,163093
101564,163026
101575,162956
101584,162923
101595,162925
101604,162933
101615,162940
101624,162966
101635,162980
101644,163043
101655,163064
101664,163112
101675,163124
101684,163183
101695,163190
101704,163206
101715,163243
101724,163263
101735,163310
101744,163304
101789,163355
101795,163316
101846,163166
101855,163154
101894,163059
101947,163627
101987,164432
101994,164634
102046,164799
102055,164897
102064,164881
102075,164888
102084,164809
102095,164754
102104,164605
102114,164438
102124,164223
102135,163972
102144,163968
102155,164157
102165,164277
102174,164237
102185,164204
102194,164058
102204,163999
102215,164039
102224,164016
102235,164075
102244,164100
102255,164226
102306,164452
102316,164498
102326,164513
102335,164502
102345,164463
102355,164440
102365,164401
102374,164343
102384,164329
102394,164324
102404,164348
102414,164324
102455,163576
102464,163439
102475,163468
102484,163580
102495,163691
102505,163798
102515,163879
102524,163936
102534,163927
102545,163920
102588,163883
102597,163571
102605,163455
102685,163075
102696,162564
102705,162275
102715,161915
102726,161239
102735,160980
102745,161043
102755,161105
102766,161134
102775,161174
102785,161286
102795,161499
102837,162764
102846,162854
102857,162908
102865,162917
102875,162940
102886,162960
102895,162976
102905,163019
102915,163011
102926,163031
102935,163049
102945,163045
102955,163040
102965,163007
102976,162987
102986,162944
102995,162930
103006,162877
103015,162816
103026,162771
103035,162723
103046,162635
103055,162585
103106,162323
103116,162284
103126,162281
103135,162282
103145,162282
103155,162292
103165,162289
103175,162318
103186,162372
103230,162494
103237,162494
103287,162734
103330,162994
103337,163126
103345,163198
103355,163267
103365,163421
103375,163520
103386,163639
103395,163725
103405,163839
103415,163928
103426,164005
103435,164032
103446,164122
103455,164135
103507,164465
103517,164442
103527,164452
103536,164436
103545,164419
103555,164359
103567,164292
103576,164213
103586,164078
103596,163854
103606,163475
103617,163267
103626,163272
103636,163183
103646,163183
103657,163187
103666,163190
103676,163190
103687,163123
103696,163126
103706,163110
103716,163002
103726,163043
103736,163125
103747,163159
103756,163188
103767,163179
103776,163224
103787,163207
103796,163223
103806,163213
103817,163206
103826,163174
103836,163183
103879,164359
103889,163003
103932,162980
103936,162940
103948,163039
103988,162881
103998,162858
104048,162804
104057,162820
104066,162815
104076,162772
104086,162756
104097,162745
104106,162733
104116,162688
104127,162657
104136,162627
104146,162606
104156,162567
104167,162569
104176,162499
104186,162429
104197,162424
104206,162347
104217,162292
104226,162224
104236,162168
104247,162170
104256,162106
104307,161660
104317,161513
104328,161253
104336,160898
104347,160510
104356,160403
104366,160560
104376,160667
104387,160757
104396,160730
104406,160826
104416,160883
104427,161083
104436,161189
104446,161203
104456,161293
104467,161457
104476,161519
104486,161658
104496,161772
104507,161914
104516,161958
104526,162006
104536,162075
104547,162125
104556,162142
104607,162101
104619,162079
104668,161957
104720,162003
104728,162002
104770,161971
104781,161945
104792,161945
104797,161952
104807,161953
104817,161964
104827,161991
104838,162008
104847,162036
104858,162053
104867,162068
104878,162061
104887,162021
104898,162001
104907,161979
104918,161940
104927,161917
104938,161895
104947,161860
104958,161858
104967,161855
104977,161842
104987,161825
104997,161813
105008,161818
105017,161833
105027,161799
105037,161802
105047,161808
105058,161798
105099,161810
105108,161804
105119,161772
105127,161766
105137,161759
105148,161758
105157,161760
105168,161761
105177,161746
105187,161725
105197,161698
105207,161676
105218,161677
105227,161688
105238,161668
105247,161620
105258,161677
105267,161640
105278,161642
105287,161610
105330,161597
105339,161590
105348,161590
105401,161610
105409,161596
105457,161605
105469,161603
105477,161588
105487,161602
105497,161601
105549,161528
105558,161624
105568,161625
105577,161613
105587,161597
105598,161611
105607,161584
105617,161555
105627,161540
105638,161527
105648,161493
105657,161482
105668,161487
105677,161474
105687,161472
105698,161451
105709,161452
105718,161445
105728,161447
105739,161472
105748,161461
105758,161477
105769,161466
105778,161463
105788,161481
105799,161488
105808,161474
105818,161481
105829,161484
105838,161494
105848,161487
105859,161480
105910,161510
105918,161452
105928,161474
105938,161480
105949,161457
105958,161464
105968,161474
106011,161473
106023,161458
106029,161476
106070,161463
106072,161447
106080,161368
106089,161336
106129,161333
106167,161125
106179,160875
106190,160803
106230,160471
106238,160366
106248,160211
106259,160056
106268,159822
106279,159529
106321,158769
106330,158888
106340,158872
106348,158842
106358,158917
106369,159177
106378,159566
106388,160124
106399,160628
106408,160976
106418,161369
106429,161747
106438,162074
106448,162311
106459,162473
106468,162508
106478,162433
106489,162342
106498,162138
106508,161921
106519,161738
106528,161369
106538,161112
106548,161110
106559,161207
106568,161131
106578,161017
106588,160930
106599,160901
106608,160910
106618,161105
106628,161377
106639,161611
106648,161784
106659,161929
106700,162292
106709,162389
106719,162423
106729,162437
106740,162442
106748,162460
106760,162454
106768,162446
106778,162458
106790,162452
106798,162448
106811,162444
106851,162399
106859,162436
106869,162458
106880,162476
106889,162540
106899,162535
106909,162566
106919,162589
106929,162626
106940,162673
106950,162685
106959,162650
106971,162639
107009,162567
107022,162648
107062,162628
107065,162423
107069,162932
107109,162846
107155,161905
107159,161531
107204,158982
107209,159029
107220,159004
107230,158951
107239,158971
107250,159027
107259,159377
107270,159837
107279,160297
107289,160485
107300,160540
107309,160513
107320,160435
107329,160370
107340,160319
107349,160228
107359,160136
107369,160036
107380,159852
107389,159570
107399,159298
107410,159086
107419,158649
107429,158107
107440,157591
107450,157282
107490,160743
107501,161640
107510,162347
107520,163268
107529,164019
107539,164594
107550,165104
107559,165338
107569,165428
107579,165288
107590,165490
107599,165457
107609,165328
107619,164961
107630,164662
107639,164622
107649,164821
107741,164795
107782,164809
107790,164691
107801,164533
107810,164336
107821,164177
107830,164084
107840,164057
107851,164067
107860,164012
107871,163824
107880,163550
107891,163172
107940,162046
107951,162248
107960,162252
107970,162248
107980,162293
107991,162502
108000,162834
108011,163005
108020,163166
108031,163471
108040,163775
108051,164083
108060,164356
108071,164578
108080,164738
108091,164800
108100,164817
108111,164779
108120,164729
108131,164631
108140,164476
108150,164267
108161,163941
108170,163392
108181,162443
108190,162369
108201,162793
108210,163033
108221,163016
108230,162872
108241,162835
108250,162889
108261,163022
108305,163548
108312,163648
108350,163635
108363,162633
108371,162196
108413,158711
108421,158660
108430,158625
108472,159002
108480,159466
108490,160139
108500,160712
108511,161141
108520,161425
108530,161626
108540,161762
108551,161854
108560,161879
108570,161996
108581,162085
108590,162100
108601,162159
108610,162162
108620,162201
108631,162250
108640,162227
108650,162222
108691,162232
108703,162341
108712,162427
108720,162496
108731,162610
108740,162689
108750,162798
108760,162904
108770,163000
108781,163128
108791,163198
108801,163219
108812,163159
108821,163024
108831,162736
108841,162500
108852,162397
108861,162496
108871,162689
108881,162847
108892,162984
108901,163074
108911,163141
108921,163208
108932,163343
108941,163379
108951,163329
108961,163298
108972,163206
108981,163000
109022,162611
109072,162547
109111,162659
109113,163000
109122,162973
109134,163140
109143,163168
109194,162814
109202,162578
109211,162315
109221,161929
109231,161425
109242,160994
109251,161073
109262,161163
109271,161241
109282,161236
109291,161259
109302,161296
109311,161251
109322,161435
109331,161388
109342,161357
109351,161291
109362,161071
109371,160777
109382,160419
109391,160107
109402,159833
109411,159406
109422,158713
109431,158556
109442,158757
109451,158823
109491,160259
109503,161098
109511,161624
109522,162185
109531,162802
109542,163096
109552,163239
109561,163192
109572,163190
109581,163109
109591,163080
109601,162683
109612,162006
109621,161912
109631,162091
109642,162242
109651,162163
109662,162177
109671,162133
109681,162266
109692,162458
109701,162486
109711,162635
109756,158556
109762,162430
109807,160250
109812,157814
109851,156261
109854,156619
109862,156670
109902,158860
109912,159567
109956,161134
109962,161259
110001,161318
110004,161333
110012,161353
110022,161380
110032,161397
110042,161380
110052,161370
110062,161345
110072,161313
110082,161303
110092,161289
110102,161286
110112,161259
110122,161234
110132,161249
110142,161253
110153,161277
110162,161272
110172,161271
110182,161296
110193,161342
110202,161378
110213,161400
110222,161477
110233,161501
110242,161515
110253,161529
110293,161635
110303,161661
110314,161660
110322,161671
110332,161619
110343,161604
110352,161576
110362,161511
110373,161453
110382,161363
110393,161261
110402,161161
110413,161090
110423,161000
110432,160841
110443,160766
110452,160550
110463,160241
110472,159781
110483,159316
110492,158402
110503,157395
110512,157571
110553,158247
110563,158716
110653,160417
110664,160078
110705,161363
110712,156324
110723,156485
110733,156686
110742,156668
110753,156712
110762,156686
110772,156816
110783,156999
110792,156915
110803,156873
110812,156670
110823,156514
110832,156331
110843,156228
110852,156052
110862,155797
110873,155333
110882,154618
110893,154335
110903,154637
110913,154867
110923,154896
110933,154840
110943,154986
110953,155593
110963,156529
110973,157274
110983,158051
110993,158697
111003,159120
111013,159229
111023,159105
111033,158899
111043,158626
111053,158427
111095,157716
111104,157622
111154,158532
111164,159284
111173,159990
111184,160417
111193,160638
111203,160735
111214,160770
111223,160734
111234,160704
111244,160528
111253,160343
111293,159086
111303,159057
111314,159365
111323,159595
111333,159762
111343,159772
111354,159759
111363,159793
111373,159841
111383,159861
111393,159924
111403,160020
111449,160410
111455,160370
111465,160255
111506,158916
111514,157952
111555,154628
111565,155299
111603,156783
111613,157397
111623,157811
111633,158390
111643,158991
111653,159365
111663,159625
111673,159767
111683,159785
111693,159782
111703,159684
111713,159588
111723,159442
111733,159278
111743,159062
111754,158756
111763,158213
111773,157696
111783,157835
111793,158190
111803,158594
111813,158774
111823,158848
111833,158878
111843,158982
111853,159032
111895,159574
111903,159574
111914,159556
111923,159417
111933,159343
111943,159254
111953,159168
111963,159086
111973,159024
111983,159011
111994,158971
112004,158906
112014,158867
112024,158937
112034,158976
112045,158874
112055,158633
112065,158329
112117,152305
112125,152374
112169,154118
112175,154421
112225,154063
112235,153521
112244,152806
112254,152568
112264,152618
112274,152722
112325,153574
112334,154110
112344,154587
112354,155032
112364,155409
112374,155746
112384,156006
112394,156223
112404,156371
112414,156544
112424,156797
112434,157015
112444,157157
112454,157277
112464,157358
112474,157421
112484,157486
112494,157540
112504,157605
112514,157702
112524,157817
112534,157915
112544,158014
112555,158095
112564,158171
112574,158219
112584,158286
112594,158324
112604,158374
112614,158430
112624,158472
112634,158494
112644,158469
112654,158408
112695,158151
112704,157973
112714,157950
112724,157994
112734,158123
112779,158454
112785,158652
112794,158767
112836,158720
112845,158617
112888,158469
112891,158014
112895,157441
112905,157017
112915,156376
112924,155070
112934,154465
112944,155063
112955,155904
112964,156451
112974,156946
112984,157617
112994,158419
113004,159358
113014,160106
113024,160648
113035,161157
113044,161572
113054,161799
113096,161722
113104,161646
113115,161654
113125,161541
113135,161424
113145,161238
113155,160983
113166,160623
113175,160215
113186,160206
113195,160523
113206,160974
113216,161307
113226,161469
113235,161581
113246,161609
113256,161664
113266,161658
113275,161596
113286,161408
113296,161128
113306,160800
113315,160606
113326,160497
113336,160379
113346,160320
113355,160346
113366,160388
113376,160448
113386,160488
113395,160516
113405,160591
113416,160696
113460,160344
113467,160191
113474,160110
113516,159983
113566,160533
113577,160641
113616,160904
113655,161814
113665,161971
113678,162006
113725,161818
113736,161583
113746,161392
113756,161169
113765,161026
113776,161077
113786,161208
113795,161250
113806,161284
113816,161269
113826,161318
113835,161334
113846,161449
113856,161551
113899,161672
113907,161738
113915,161735
113926,161788
113936,161817
113946,161836
113955,161820
113965,161838
113975,161858
113985,161899
113995,161907
114005,161937
114015,161950
114025,161999
114035,162023
114045,162073
114055,162115
114065,162180
114075,162262
114085,162336
114095,162388
114105,162397
114116,162424
114125,162402
114135,162426
114145,162488
114155,162503
114166,162501
114177,162395
114187,162275
114196,162026
114206,161760
114217,161568
114262,161133
114268,160949
114318,159110
114358,159726
114361,160439
114368,160427
114408,160907
114417,161003
114427,161073
114436,161144
114447,161191
114457,161226
114466,161211
114476,161166
114487,161132
114497,161090
114507,161044
114516,161031
114527,161014
114537,161039
114547,161066
114557,161100
114566,161205
114577,161240
114587,161288
114596,161335
114607,161397
114617,161459
114627,161528
114636,161594
114647,161643
114686,161684
114688,159726
114698,161321
114707,160902
114716,160762
114727,160947
114737,161187
114747,161269
114756,161225
114767,161192
114777,161194
114787,161297
114796,161352
114807,161353
114817,161313
114827,161166
114836,160978
114847,160800
114857,160588
114867,160301
114876,159845
114887,159353
114897,158001
114907,156616
114949,156933
114957,157034
114966,157316
115007,160747
115048,162623
115092,163185
115131,163029
115137,162885
115146,162736
115157,162602
115167,162434
115177,162302
115187,162170
115196,162026
115207,161812
115217,161468
115227,161198
115238,161222
115248,161338
115258,161462
115268,161479
115277,161442
115287,161393
115297,161375
115307,161401
115318,161451
115328,161523
115338,161600
115348,161620
115358,161664
115367,161705
115377,161736
115387,161755
115398,161770
115407,161783
115417,161806
115427,161825
115438,161833
115448,161821
115458,161826
115498,161896
115508,161913
115518,161970
115527,162048
115538,162044
115548,162074
115557,162093
115567,162119
115577,162077
115588,161979
115638,161850
115648,161856
115657,161901
115667,161926
115678,161947
115688,161968
115698,162026
115707,162050
115718,162033
115727,162069
115737,162032
115779,161368
115817,160786
115828,159698
115838,159664
115879,159535
115888,159382
115897,159378
115907,159316
115917,159248
115927,159219
115938,159166
115948,159127
115957,159145
115968,159070
115978,158996
115989,159039
116030,158955
116039,158950
116047,158927
116058,158954
116068,158918
116077,158853
116088,158853
116098,158806
116108,158759
116117,158698
116128,158702
116138,158716
116148,158730
116158,158754
116167,158712
116178,158768
116188,158761
116197,158732
116208,158701
116218,158690
116228,158660
116237,158601
116248,158608
116288,158605
116291,159127
116298,158608
116308,158573
116318,158577
116328,158545
116338,158528
116348,158517
116359,158520
116368,158502
116379,158493
116389,158463
116433,158342
116479,158181
116488,158271
116530,158172
116538,158193
116549,158174
116558,158222
116568,158294
116578,158314
116588,158275
116598,158164
116608,158087
116618,158053
116628,157968
116639,157846
116649,157714
116700,156893
116710,156763
116718,156598
116729,156481
116738,156388
116748,156224
116759,155924
116769,155758
116779,155558
116789,155346
116798,155110
116808,154897
116818,154747
116828,154531
116839,154347
116849,154187
116859,154071
116869,153934
116878,153861
116888,153737
116898,153658
116908,153552
116919,153503
116929,153434
116938,153392
116948,153334
116958,153320
116969,153300
116979,153359
116989,153432
116998,153458
117008,153408
117018,153438
117028,153456
117039,153478
117078,153397
117081,156388
117129,153376
117172,153282
117180,153227
117188,153294
117240,153376
117252,153388
117291,153451
117298,153412
117308,153421
117319,153392
117329,153381
117338,153334
117348,153298
117358,153239
117369,153232
117379,153203
117389,153209
117400,153204
117409,153221
117419,153224
117429,153255
117440,153261
117449,153253
117499,153336
117508,153402
117519,153408
117529,153286
117539,153145
117549,153053
117560,152947
117569,152812
117579,152673
117589,152505
117600,152380
117609,152278
117619,152219
117629,152140
117640,152088
117649,152057
117659,152043
117669,152029
117680,152027
117689,151995
117699,151938
117709,151936
117720,151890
117729,151831
117739,151794
117749,151726
117759,151640
117770,151562
117780,151499
117790,151468
117831,150940
117839,150818
117883,150228
117889,150129
117900,150026
117975,149617
117981,149618
118022,149614
118030,149651
118039,149664
118049,149655
118059,149674
118069,149680
118080,149737
118090,149756
118100,149787
118110,149791
118119,149809
118129,149781
118139,149793
118149,149812
118160,149837
118169,149846
118179,149860
118189,149898
118199,149976
118209,150012
118219,150052
118229,150084
118240,150157
118249,150178
118292,150201
118294,149685
118301,150451
118310,150496
118319,150509
118329,150511
118339,150516
118349,150508
118360,150526
118370,150510
118380,150526
118390,150521
118399,150500
118409,150533
118419,150535
118429,150511
118440,150505
118450,150495
118460,150496
118470,150456
118481,150408
118490,150366
118500,150334
118510,150311
118521,150300
118530,150307
118581,150263
118664,150352
118666,150336
118672,150342
118681,150323
118722,150324
118730,150355
118740,150357
118750,150349
118760,150348
118770,150383
118780,150376
118791,150379
118800,150385
118810,150394
118820,150391
118830,150376
118840,150356
118850,150373
118860,150370
118870,150362
118881,150363
118890,150350
118900,150372
118910,150370
118921,150377
118930,150369
118940,150368
118950,150333
118960,150334
118970,150323
118980,150353
118990,150368
119000,150408
119010,150430
119020,150471
119030,150476
119041,150513
119050,150532
119061,150539
119101,150597
119111,150622
119121,150707
119131,150730
119140,150732
119150,150702
119161,150747
119170,150685
119224,150677
119231,150683
119273,150691
119314,150739
119322,150823
119330,150792
119340,150816
119350,150837
119360,150854
119371,150893
119380,150888
119390,150929
119401,151004
119410,151052
119420,151090
119430,151167
119440,151239
119450,151315
119461,151344
119501,151606
119512,151675
119521,151737
119531,151796
119541,151880
119551,151973
119561,152068
119571,152136
119581,152235
119591,152307
119601,152396
119611,152469
119621,152526
119631,152604
119641,152659
119651,152721
119661,152789
119671,152848
119682,152906
119691,152950
119701,152987
119711,153014
119722,153013
119731,153029
119741,153071
119751,153073
119761,153109
119772,153116
119781,153136
119791,153160
119802,153180
119811,153180
119821,153164
119865,153037
119873,153051
119915,152307
119921,152978
119931,152971
119942,152983
119952,152997
119961,153033
119971,153047
119981,153091
119992,153068
120001,153116
120011,153131
120052,153263
120062,153320
120071,153380
120081,153521
120091,153662
120101,153757
120112,153769
120121,153774
120131,153726
120141,153702
120152,153635
120196,153380
120202,153291
120212,153190
120252,153101
120261,153106
120271,153095
120281,153076
120291,153070
120301,153083
120311,153048
120322,153053
120331,152981
120341,152963
120351,152940
120361,152919
120371,152957
120381,152972
120391,153032
120433,153291
120442,153346
120451,153402
120461,153422
120471,153434
120482,153478
120491,153419
120501,153417
120511,153433
120522,153470
120531,153501
120541,153496
120551,153518
120561,153496
120572,153528
120582,153530
120592,153526
120601,153532
120611,153563
120621,153541
120631,153554
120642,153530
120652,153523
120703,153402
120714,153339
120723,153281
120732,153232
120742,153422
120752,153413
120762,153414
120813,153873
120822,154032
120862,154230
120873,154374
120882,154527
120925,154781
120933,154769
120983,155253
120992,155363
121002,155374
121012,155286
121022,155228
121032,155279
121042,155317
121052,155428
121062,155531
121072,155642
121082,155637
121126,155477
121134,155538
121142,155533
121152,155519
121162,155500
121172,155507
121182,155453
121192,155432
121202,155406
121212,155421
121222,155424
121232,155414
121242,155422
121252,155424
121262,155427
121272,155411
121282,155427
121292,155457
121302,155460
121312,155449
121322,155485
121332,155494
121342,155564
121352,155576
121362,155653
121372,155754
121382,155862
121392,155911
121402,156012
121412,156065
121422,156128
121432,156177
121442,156280
121452,156338
121496,156614
121537,157016
121542,157057
121553,157129
121564,157174
121613,157384
121624,157446
121706,157582
121713,157647
121723,157677
121733,157717
121743,157692
121754,157659
121763,157567
121773,157606
121783,157647
121793,157616
121803,157534
121813,157470
121823,157369
121833,157278
121843,157248
121853,157228
121893,157236
121903,157294
121914,157270
121923,157262
121933,157231
121943,157206
121953,157209
121963,157204
121974,157187
121983,157195
121993,157199
122003,157221
122013,157247
122023,157246
122033,157235
122043,157215
122053,157182
122063,157158
122073,157142
122083,157115
122093,157084
122103,157033
122113,156996
122123,156894
122133,156833
122143,156765
122153,156728
122163,156703
122173,156705
122183,156692
122193,156692
122204,156676
122213,156678
122254,156604
122265,156561
122309,156561
122315,156553
122365,156518
122374,156506
122414,156601
122423,156605
122433,156641
122443,156668
122453,156641
122463,156666
122473,156616
122483,156644
122493,156654
122503,156658
122513,156678
122523,156809
122533,156849
122543,156833
122553,156800
122563,156767
122573,156713
122583,156671
122593,156679
122604,156799
122613,156805
122623,156754
122633,156709
122643,156680
122653,156641
122700,156453
122705,156378
122714,156248
122723,156107
122733,156058
122743,156015
122753,156047
122764,156132
122773,156181
122783,156171
122795,156117
122804,156081
122815,156062
122824,156029
122835,156049
122844,156110
122855,156147
122864,156157
122875,156240
122884,156282
122895,156295
122904,156305
122915,156329
122966,156298
122976,156264
123017,156071
123059,155855
123063,155860
123106,155746
123150,155627
123155,155573
123165,155555
123174,155473
123185,155387
123194,155349
123204,155278
123214,155215
123224,155153
123234,155121
123244,155074
123254,155072
123264,155070
123274,155079
123284,155075
123294,155035
123304,155011
123314,154943
123324,154921
123334,154895
123344,154871
123354,154832
123364,154812
123375,154809
123384,154768
123394,154700
123404,154609
123414,154571
123424,154505
123434,154386
123444,154279
123454,154017
123505,152172
123516,151584
123524,150814
123534,150242
123544,149580
123554,148977
123564,148427
123574,147941
123584,147589
123594,147206
123604,146992
123614,146682
123624,146400
123634,146097
123644,145946
123654,145763
123735,145235
123775,145188
123786,145408
123796,145545
123804,145536
123814,145522
123824,145565
123834,145652
123845,145649
123854,145725
123864,145943
123874,145976
123885,146157
123936,145609
123945,144782
123955,143795
123965,142763
123976,141779
123986,140795
123995,139861
124005,139049
124016,138299
124025,138464
124035,138099
124045,137910
124056,137978
124065,138429
124075,138954
124085,139513
124096,140016
124105,140560
124115,140990
124125,141215
124136,141313
124145,141363
124155,141405
124165,141506
124176,141638
124185,141800
124195,141956
124205,142020
124216,141992
124225,141966
124235,141914
124246,141830
124255,141698
124339,139372
124345,139810
124356,140360
124365,140979
124376,141664
124386,142436
124395,143250
124405,144152
124416,144893
124425,144669
124467,144431
124475,148503
124485,150309
124496,150701
124506,150415
124517,150314
124526,150536
124536,151274
124546,152121
124557,153345
124566,153870
124576,153541
124586,153403
124630,153140
124637,152952
124646,152770
124687,153193
124695,153268
124705,153333
124715,153395
124725,153461
124736,153515
124745,153494
124755,153469
124765,153425
124776,153413
124827,153233
124836,153266
124846,153325
124855,153331
124866,153405
124875,153462
124885,153578
124896,153727
124906,153846
124915,153882
124925,153941
124936,153963
124947,153997
124956,154001
124966,154049
124977,154117
124986,154182
124997,154228
125007,154267
125016,154296
125027,154299
125036,154282
125046,154237
125057,154148
125107,153235
125116,152935
125126,152287
125137,151700
125146,151155
125157,150768
125167,150360
125176,149743
125187,149139
125196,148770
125207,148512
125249,147520
125286,147343
125298,146851
125306,146679
125346,146856
125387,146901
125398,146922
125408,146935
125447,147126
125456,147212
125467,147268
125477,147250
125486,147207
125498,147185
125541,147110
125548,147143
125558,147172
125566,147130
125577,147078
125586,147014
125597,146991
125607,146930
125616,146872
125627,146880
125636,146826
125646,146785
125657,146739
125666,146655
125677,146613
125686,146513
125697,146479
125706,146415
125717,146357
125726,146264
125737,146414
125746,146097
125757,146224
125766,146106
125776,145940
125787,145736
125796,145438
125807,145255
125816,145067
125827,145022
125836,144930
125847,144972
125856,144985
125908,145314
125917,145506
125926,145721
125937,145954
125946,146129
125990,146750
125997,146949
126047,147408
126090,146106
126098,147735
126107,147846
126117,147929
126128,147968
126137,147976
126147,147974
126157,147967
126168,148009
126177,148057
126187,148132
126197,148222
126207,148299
126217,148414
126227,148494
126237,148550
126247,148626
126299,149109
126307,149211
126317,149375
126328,149504
126337,149635
126347,149770
126358,149872
126367,149990
126377,150065
126388,150141
126397,150244
126408,150334
126417,150415
126427,150467
126437,150479
126447,150528
126458,150509
126467,150549
126477,150603
126487,150663
126497,150725
126508,150756
126517,150848
126528,150877
126537,150959
126547,151000
126558,151051
126567,151107
126577,151139
126588,151230
126639,151382
126718,151471
126720,150065
126730,151594
126738,151604
126780,151636
126789,151734
126798,151833
126807,151879
126817,151879
126828,152003
126837,152061
126848,152146
126857,152187
126867,152266
126877,152340
126887,152400
126897,152419
126908,152521
126917,152558
126928,152637
126937,152625
126948,152675
126957,152667
126967,152683
126978,152754
126987,152723
126997,152773
127007,152815
127018,152868
127027,152864
127037,152887
127048,152940
127057,152963
127108,153068
127119,153125
127128,153148
127138,153132
127148,153171
127157,153180
127168,153199
127178,153252
127188,153269
127198,153278
127208,153330
127219,153365
127228,153379
127239,153406
127248,153408
127258,153435
127269,153468
127279,153476
127288,153509
127298,153512
127340,153507
127348,153497
127399,153439
127442,153443
127450,153472
127459,153478
127502,153541
127509,153591
127518,153550
127528,153577
127539,153603
127548,153612
127558,153643
127568,153684
127579,153693
127588,153719
127599,153723
127608,153763
127618,153770
127629,153763
127639,153807
127648,153833
127658,153835
127669,153843
127679,153885
127688,153927
127698,153919
127709,153936
127719,153944
127728,153983
127738,153984
127749,154037
127758,154068
127768,154090
127778,154091
127788,154123
127799,154140
127808,154161
127818,154172
127829,154193
127839,154227
127848,154228
127900,154314
127910,154333
127918,154369
127928,154357
127939,154416
127948,154397
127958,154392
128009,154459
128019,154480
128063,154454
128070,154458
128120,154370
128129,154354
128138,154296
128148,154288
128159,154312
128168,154295
128178,154301
128189,154323
128198,154312
128208,154331
128219,154348
128228,154354
128239,154372
128248,154366
128294,154396
128299,154448
128309,154425
128319,154446
128329,154460
128339,154471
128349,154480
128359,154479
128369,154474
128380,154505
128389,154493
128399,154484
128409,154506
128420,154518
128429,154499
128439,154521
128449,154536
128459,154536
128469,154583
128479,154566
128490,154582
128499,154577
128509,154589
128520,154606
128529,154605
128539,154622
128549,154617
128559,154644
128569,154660
128580,154681
128589,154684
128599,154671
128610,154713
128619,154710
128629,154727
128674,154708
128680,154745
128722,154810
128730,154780
128739,154825
128749,154817
128759,154816
128769,154810
128779,154797
128790,154760
128800,154743
128809,154737
128819,154702
128861,154662
128869,154665
128879,154664
128890,154678
128900,154690
128909,154682
128919,154685
128929,154698
128939,154705
128949,154709
128961,154736
129013,154823
129022,154825
129064,154817
129071,154869
129112,154863
129121,154905
129165,154901
129168,154702
129171,154968
129219,154974
129230,154949
129240,154958
129249,154976
129260,155004
129269,154986
129279,155032
129290,155047
129299,155043
129309,155062
129319,155081
129330,155084
129339,155097
129349,155115
129359,155126
129370,155138
129381,155153
129390,155159
129400,155169
129410,155176
129420,155177
129431,155177
129440,155188
129451,155184
129501,155107
129512,155068
129521,155041
129530,155023
129541,154993
129550,154975
129561,154957
129570,154946
129580,154953
129590,154955
129600,154969
129611,154948
129620,154982
129630,154981
129640,154991
129651,154993
129660,154994
129670,155011
129714,154994
129716,155016
129721,155038
129733,155020
129776,155033
129784,154922
129821,155034
129824,155183
129830,155036
129841,155011
129850,155039
129860,155035
129870,155037
129880,155039
129931,155071
129941,155095
129951,155124
129960,155120
129970,155125
129980,155159
129990,155157
130000,155196
130010,155201
130021,155253
130030,155247
130040,155253
130051,155303
130060,155305
130070,155321
130081,155370
130090,155351
130100,155352
130110,155396
130121,155428
130130,155420
130140,155408
130150,155390
130161,155436
130170,155370
130181,155404
130190,155372
130200,155317
130211,155342
130220,155278
130230,155294
130241,155304
130250,155233
130301,155261
130311,155270
130321,155281
130330,155287
130374,155319
130381,155371
130392,155361
130436,155412
130472,155411
130482,155384
130491,155392
130501,155380
130512,155380
130521,155399
130531,155387
130542,155390
130551,155389
130561,155394
130571,155413
130582,155404
130591,155407
130601,155421
130612,155407
130621,155417
130632,155414
130641,155395
130651,155381
130695,155400
130702,155421
130711,155468
130722,155452
130732,155422
130741,155445
130752,155440
130761,155442
130772,155446
130781,155449
130792,155463
130801,155470
130811,155489
130822,155464
130831,155468
130841,155449
130852,155443
130861,155438
130872,155401
130881,155389
130891,155349
130902,155347
130911,155334
130921,155295
130932,155265
130941,155238
130952,155189
130961,155161
130971,155151
130982,155153
131034,155092
131042,155062
131082,154989
131122,155470
131132,154964
131178,154978
131183,154985
131193,155005
131235,155049
131242,155087
131251,155096
131261,155077
131271,155119
131282,155139
131291,155125
131301,155104
131311,155114
131322,155129
131331,155110
131341,155095
131351,155072
131361,155104
131371,155097
131381,155104
131391,155109
131401,155115
131411,155146
131421,155149
131431,155142
131442,155180
131451,155163
131496,155227
131502,155245
131513,155266
131521,155263
131533,155245
131542,155269
131552,155266
131562,155251
131573,155251
131582,155227
131592,155208
131603,155162
131612,155132
131622,155119
131633,155094
131642,155102
131652,155094
131663,155063
131672,155068
131682,155060
131693,155054
131702,155041
131712,155060
131722,155057
131732,155075
131742,155091
131786,155112
131835,155239
131842,155287
131884,155328
131892,155323
131903,155363
131912,155363
131922,155390
131933,155376
131942,155420
131953,155429
131962,155462
131972,155467
132016,155516
132023,155625
132034,155683
132043,155723
132053,155765
132062,155801
132072,155839
132082,155874
132092,155929
132103,155996
132112,155997
132122,156063
132133,156111
132142,156124
132152,156106
132162,156112
132172,156135
132183,156134
132192,156114
132202,156175
132213,156223
132222,156203
132232,156200
132242,156198
132253,156219
132294,155968
132304,155933
132313,155901
132323,155935
132332,155870
132342,155842
132353,155839
132362,155738
132372,155730
132383,155723
132393,155711
132402,155645
132442,155553
132487,155593
132493,155610
132504,155586
132547,155656
132554,155669
132596,155679
132602,155654
132613,155671
132624,155714
132633,155694
132643,155716
132654,155708
132704,155726
132714,155737
132723,155745
132733,155768
132744,155767
132753,155772
132763,155758
132774,155755
132783,155775
132793,155776
132804,155781
132813,155769
132823,155792
132833,155803
132844,155827
132853,155856
132864,155870
132873,155889
132884,155902
132893,155916
132904,155913
132913,155923
132924,155927
132933,155901
132944,155895
132953,155836
132963,155817
132974,155781
132983,155745
132993,155720
133004,155683
133013,155691
133023,155643
133033,155641
133044,155655
133053,155652
133096,155684
133105,155693
133153,155735
133163,155726
133173,155730
133183,155733
133193,155744
133203,155759
133213,155762
133223,155765
133235,155787
133276,155805
133283,155751
133293,155790
133303,155794
133315,155810
133324,155810
133334,155794
133345,155825
133354,155850
133364,155820
133374,155850
133384,155869
133397,155846
133403,155871
133448,155893
133453,155893
133498,155891
133506,155919
133548,155960
133554,156000
133596,155971
133604,156036
133615,156029
133625,156076
133633,156008
133644,156001
133653,155912
133664,155897
133673,155859
133684,155815
133693,155788
133704,155762
133715,155739
133724,155719
133735,155716
133744,155697
133755,155720
133764,155740
133775,155736
133784,155751
133795,155770
133804,155780
133815,155786
133824,155773
133835,155781
133844,155775
133855,155788
133905,155813
133913,155807
133925,155811
133934,155818
133945,155814
133954,155814
133964,155839
133975,155811
133984,155813
133995,155821
134005,155825
134014,155831
134025,155841
134034,155847
134045,155867
134096,155897
134104,155857
134145,155958
134190,156009
134195,156042
134205,156050
134214,156048
134224,156064
134235,156073
134244,156062
134255,156077
134264,156083
134275,156089
134284,156086
134295,156100
134346,156063
134356,156057
134366,156028
134374,155991
134385,155964
134394,155884
134404,155866
134415,155863
134424,155791
134435,155815
134444,155772
134455,155782
134464,155757
134475,155778
134485,155769
134494,155771
134505,155785
134514,155747
134525,155818
134534,155789
134545,155830
134554,155794
134564,155845
134574,155822
134585,155895
134594,155840
134605,155897
134614,155870
134625,155890
134634,155845
134645,155898
134654,155861
134697,155894
134705,155916
134744,155887
134757,155943
134766,155907
134810,155896
134817,155885
134824,155858
134865,155920
134876,155907
134886,155923
134895,155916
134906,155931
134915,155905
134925,155907
134936,155929
134945,155936
134955,155930
134965,155945
134976,155941
134985,155927
134995,155947
135006,155949
135015,155964
135026,155968
135035,155973
135046,155974
135055,155978
135098,155888
135104,155893
135116,155863
135126,155851
135135,155788
135145,155794
135156,155755
135165,155704
135176,155694
135185,155667
135195,155647
135206,155630
135215,155646
135226,155610
135235,155647
135246,155622
135255,155633
135266,155630
135275,155640
135286,155638
135295,155650
135306,155650
135315,155635
135326,155651
135335,155670
135346,155673
135355,155653
135365,155666
135376,155657
135417,155628
135427,155595
135435,155597
135476,155535
135520,155539
135522,155474
135528,155503
135536,155533
135547,155516
135597,155555
135608,155622
135615,155548
135625,155599
135635,155599
135646,155663
135655,155627
135665,155630
135675,155648
135686,155696
135695,155668
135706,155715
135715,155695
135726,155735
135735,155732
135746,155764
135755,155724
135765,155750
135776,155768
135785,155748
135795,155754
135806,155752
135815,155719
135826,155708
135835,155657
135846,155638
135855,155609
135898,155537
135907,155508
135917,155516
135926,155513
135936,155488
135946,155504
135956,155504
135966,155508
135977,155487
135986,155494
135996,155500
136006,155519
136016,155520
136026,155527
136036,155521
136046,155544
136056,155566
136066,155583
136076,155597
136086,155590
136096,155596
136106,155596
136150,155590
136155,155583
136167,155608
136217,155616
136226,155626
136278,155708
136321,155723
136323,155487
136367,155790
136377,155765
136387,155799
136396,155821
136406,155838
136416,155834
136426,155861
136436,155899
136446,155912
136456,155919
136466,155954
136476,155965
136486,155972
136496,155989
136506,155996
136516,155990
136526,155983
136536,155969
136546,155917
136557,155873
136566,155829
136576,155804
136586,155771
136596,155723
136606,155719
136616,155709
136626,155672
136636,155693
136647,155700
136656,155678
136697,155692
136707,155674
136716,155692
136726,155678
136737,155729
136746,155702
136757,155748
136766,155693
136777,155720
136786,155670
136797,155710
136807,155702
136816,155673
136827,155722
136836,155667
136846,155654
136857,155690
136866,155662
136877,155697
136920,155671
136928,155738
136938,155736
136988,155768
137031,155766
137037,155833
137081,155871
137087,155880
137097,155878
137138,155919
137148,155939
137157,155941
137167,155944
137177,155947
137187,155949
137197,155955
137207,155965
137217,155989
137227,155993
137237,155998
137247,156004
137257,155989
137267,155981
137277,155971
137287,155933
137297,155890
137307,155839
137317,155809
137327,155793
137337,155767
137347,155747
137357,155740
137367,155740
137377,155722
137387,155733
137397,155721
137407,155725
137417,155736
137427,155745
137437,155743
137447,155743
137457,155758
137501,155777
137507,155798
137518,155803
137527,155831
137537,155819
137547,155832
137557,155825
137567,155824
137577,155823
137589,155817
137597,155829
137607,155828
137617,155822
137657,155849
137668,155872
137678,155867
137687,155893
137697,155873
137707,155870
137717,155904
137727,155893
137738,155934
137748,155901
137798,155956
137810,155969
137818,155951
137860,156046
137899,156016
137908,156069
137917,156035
137927,156042
137937,156053
137947,156070
137957,156063
137967,156064
137977,156066
137987,156077
138031,156117
138034,155893
138039,155971
138050,155927
138057,155898
138067,155875
138078,155881
138088,155855
138099,155905
138109,155907
138118,155913
138129,155927
138139,155933
138149,155965
138158,155973
138169,155959
138179,155973
138189,155979
138198,155975
138209,155973
138219,155983
138229,155968
138238,155982
138248,155989
138259,155995
138310,155983
138320,156004
138330,156006
138338,155988
138349,156011
138359,156014
138369,156032
138379,156016
138388,156017
138398,156026
138408,156017
138461,156104
138502,156074
138509,156133
138551,156203
138593,156163
138596,155989
138600,156230
138608,156243
138618,156258
138628,156286
138638,156296
138648,156327
138658,156350
138668,156345
138678,156352
138688,156358
138698,156357
138708,156359
138752,156275
138758,156284
138769,156232
138778,156181
138788,156157
138798,156116
138808,156071
138818,156060
138828,156012
138838,155967
138848,155974
138858,155967
138868,155955
138878,155945
138888,155948
138898,155922
138908,155898
138918,155883
138928,155877
138938,155864
138948,155872
138959,155843
138968,155854
138978,155853
138988,155876
138998,155854
139008,155847
139018,155842
139028,155817
139038,155829
139048,155816
139058,155788
139105,155763
139109,155803
139153,155795
139155,156071
139160,155743
139170,155790
139216,155747
139220,155791
139270,155759
139279,155762
139289,155755
139300,155755
139310,155767
139319,155779
139330,155768
139340,155774
139350,155777
139360,155788
139369,155788
139380,155787
139390,155783
139399,155792
139410,155798
139420,155784
139430,155774
139439,155774
139450,155755
139461,155704
139501,155602
139511,155577
139521,155581
139529,155567
139539,155531
139550,155540
139560,155540
139569,155549
139580,155534
139590,155567
139599,155573
139610,155573
139620,155565
139630,155589
139639,155608
139650,155617
139660,155626
139670,155630
139679,155642
139690,155646
139700,155659
139710,155665
139719,155675
139730,155671
139740,155685
139750,155702
139760,155673
139769,155688
139815,155691
139822,155673
139860,155664
139862,155581
139871,155714
139881,155715
139923,155826
139929,155734
139941,155744
139991,155772
140002,155807
140009,155761
140020,155821
140030,155805
140040,155834
140050,155807
140060,155807
140070,155785
140079,155775
140090,155815
140100,155814
140110,155808
140119,155762
140130,155801
140140,155806
140150,155792
140160,155769
140169,155720
140180,155696
140190,155658
140199,155619
140210,155567
140220,155528
140230,155482
140241,155460
140251,155440
140260,155409
140301,155312
140313,155293
140319,155288
140331,155275
140340,155277
140350,155252
140361,155277
140371,155249
140381,155247
140390,155230
140400,155220
140411,155217
140421,155213
140431,155230
140440,155216
140451,155205
140461,155217
140471,155206
140480,155217
140491,155199
140501,155157
140551,155124
140601,155117
140612,155118
140661,155157
140671,155145
140711,155226
140752,155254
140761,155267
140771,155270
140780,155314
140790,155317
140800,155324
140811,155356
140821,155375
140831,155379
140840,155390
140851,155412
140861,155457
140870,155454
140880,155461
140891,155508
140901,155445
140911,155422
140920,155382
140931,155382
140941,155341
140951,155313
140961,155277
140970,155232
140981,155259
140991,155258
141000,155221
141011,155283
141021,155288
141031,155331
141040,155328
141051,155385
141094,155402
141096,155254
141101,155558
141111,155515
141121,155549
141131,155602
141140,155627
141151,155679
141160,155613
141171,155672
141180,155701
141191,155824
141200,155877
141211,155967
141251,156423
141261,156596
141302,156865
141342,156878
141345,155259
141352,156677
141393,156681
141401,156694
141411,156699
141421,156694
141431,156684
141441,156662
141451,156623
141497,156078
141502,155638
141513,155033
141522,154365
141532,153770
141541,153307
141551,153009
141562,152813
141571,152627
141581,152345
141591,151900
141602,151443
141612,150932
141622,150524
141631,150329
141642,150295
141652,150324
141662,150389
141671,150465
141682,150588
141692,150698
141701,150736
141711,150735
141722,150642
141732,150579
141742,150482
141751,150356
141761,150284
141772,150252
141782,150247
141791,150195
141801,150181
141811,150155
141821,150099
141831,150058
141842,150030
141852,149977
141902,149638
141912,149578
141963,149399
141971,149394
141981,149396
141991,149452
142002,149552
142012,149541
142022,149526
142032,149518
142043,149584
142052,149570
142063,149580
142071,149551
142113,149667
142121,149640
142131,149631
142141,149643
142152,149692
142162,149681
142171,149637
142182,149693
142191,149649
142201,149672
142212,149689
142256,149781
142258,149578
142266,150132
142272,149894
142323,149335
142332,149191
142342,149127
142352,149055
142364,148937
142404,148764
142414,148717
142455,148609
142462,148554
142473,148634
142483,148666
142492,148704
142502,148839
142512,149100
142523,149455
142533,149407
142543,149535
142553,149570
142563,149622
142573,149648
142583,149579
142593,149667
142602,149547
142612,149675
142622,149773
142632,149720
142643,149791
142653,149880
142663,149970
142705,150363
142714,150479
142722,150540
142732,150606
142742,150667
142752,150666
142763,150752
142773,150793
142783,150832
142793,150881
142802,150961
142812,151027
142822,151099
142867,151456
142873,151559
142916,151989
142924,152088
142966,152187
142974,152523
142982,152626
142993,152721
143002,152844
143012,153000
143022,153178
143032,153312
143043,153407
143053,153439
143062,153463
143072,153524
143083,153652
143094,153723
143134,154009
143142,154025
143152,154059
143163,154117
143173,154115
143183,154156
143192,154151
143203,154242
143213,154276
143223,154296
143233,154335
143242,154339
143252,154345
143262,154345
143272,154327
143283,154341
143293,154319
143303,154309
143313,154290
143322,154286
143332,154297
143342,154318
143352,154329
143362,154322
143373,154340
143383,154335
143393,154345
143403,154366
143413,154365
143423,154348
143433,154371
143444,154372
143454,154393
143545,154809
143553,154846
143604,154884
143614,154916
143659,154985
143665,154982
143673,154993
143684,154998
143693,154992
143703,154985
143713,154946
143723,154957
143733,154908
143743,154907
143753,154901
143764,154882
143773,154864
143783,154877
143793,154893
143804,154916
143813,154910
143823,154921
143833,154944
143844,154981
143853,154992
143905,155065
143913,155078
143923,155116
143933,155159
143943,155158
143953,155175
143964,155234
143974,155258
143984,155256
143993,155262
144003,155252
144013,155271
144023,155286
144033,155323
144044,155364
144054,155403
144063,155419
144073,155405
144084,155478
144094,155503
144104,155522
144113,155493
144124,155569
144134,155588
144144,155602
144154,155635
144163,155611
144173,155618
144216,155024
144224,155667
144233,155637
144274,155688
144284,155691
144334,155760
144376,155811
144384,155835
144396,155839
144444,155714
144454,155677
144464,155672
144475,155646
144484,155638
144494,155614
144504,155605
144515,155600
144524,155616
144534,155623
144544,155616
144554,155610
144565,155628
144574,155640
144584,155645
144594,155651
144605,155661
144614,155672
144624,155682
144634,155692
144644,155706
144655,155709
144695,155756
144705,155772
144714,155757
144725,155764
144734,155783
144744,155813
144755,155798
144765,155795
144774,155798
144784,155827
144795,155841
144804,155841
144814,155868
144824,155895
144835,155896
144844,155896
144854,155895
144864,155914
144875,155941
144884,155973
144894,155947
144904,155982
144915,155994
144924,155998
144934,156001
144985,156084
144996,156090
145038,156089
145045,156146
145055,156168
145097,156213
145188,156191
145195,156132
145204,156133
145214,156132
145224,156128
145235,156183
145244,156161
145254,156139
145264,156132
145275,156191
145284,156153
145294,156164
145304,156157
145315,156211
145324,156179
145334,156220
145344,156207
145354,156223
145365,156253
145374,156252
145384,156274
145395,156290
145405,156274
145415,156316
145425,156321
145435,156298
145444,156310
145488,156326
145490,156247
145496,156377
145505,156367
145515,156365
145525,156366
145535,156354
145545,156382
145556,156387
145565,156398
145575,156386
145585,156404
145595,156408
145605,156443
145615,156432
145625,156433
145635,156439
145645,156455
145655,156448
145665,156477
145675,156478
145685,156478
145695,156490
145737,156507
145745,156519
145836,156559
145887,156541
145936,156483
145945,156483
145955,156500
145965,156480
145975,156502
145985,156518
145996,156524
146005,156528
146015,156517
146025,156529
146036,156555
146045,156534
146055,156526
146065,156530
146075,156559
146085,156553
146095,156561
146105,156550
146116,156606
146125,156592
146135,156588
146145,156603
146155,156610
146166,156657
146175,156647
146185,156639
146196,156672
146205,156655
146215,156677
146225,156650
146236,156710
146245,156682
146291,156707
146297,156708
146305,156693
146316,156721
146325,156707
146336,156784
146345,156713
146355,156720
146365,156694
146375,156716
146385,156743
146396,156778
146438,156742
146447,156816
146456,156793
146466,156792
146475,156774
146485,156803
146496,156820
146505,156844
146517,156864
146525,156843
146535,156871
146546,156896
146556,156860
146565,156895
146607,156801
146652,156707
146656,156782
146698,156751
146707,156772
146716,156784
146726,156774
146736,156774
146746,156771
146756,156786
146807,156791
146816,156794
146826,156801
146836,156787
146846,156785
146856,156779
146866,156796
146876,156801
146886,156789
146896,156807
146906,156819
146916,156786
146926,156799
146936,156814
146946,156824
146956,156825
146966,156836
146976,156843
146986,156833
146996,156849
147006,156841
147016,156845
147026,156862
147037,156872
147046,156861
147096,156873
147107,156881
147116,156883
147126,156873
147136,156881
147146,156878
147156,156876
147166,156885
147176,156878
147186,156865
147196,156871
147206,156872
147252,156906
147257,156928
147301,156881
147307,156857
147356,156849
147368,156842
147376,156864
147386,156839
147397,156860
147406,156823
147416,156814
147426,156812
147436,156816
147446,156814
147456,156819
147502,156885
147510,156850
147517,156862
147526,156879
147536,156882
147546,156878
147557,156884
147567,156883
147577,156888
147587,156895
147596,156891
147607,156907
147617,156879
147627,156886
147637,156897
147647,156882
147657,156882
147667,156870
147677,156871
147687,156874
147697,156862
147707,156875
147717,156876
147727,156885
147737,156893
147747,156885
147757,156880
147767,156879
147777,156886
147787,156901
147798,156908
147807,156902
147817,156897
147827,156914
147837,156922
147847,156931
147938,156929
147947,156944
147990,156950
147996,156921
148049,156794
148058,156787
148098,156886
148107,156762
148117,156739
148127,156761
148137,156746
148147,156752
148158,156745
148167,156758
148177,156757
148187,156740
148197,156758
148207,156752
148217,156755
148227,156753
148237,156761
148247,156767
148293,156745
148299,156746
148307,156765
148317,156761
148327,156766
148337,156773
148347,156781
148357,156767
148367,156793
148377,156792
148387,156786
148397,156768
148407,156769
148417,156765
148427,156765
148437,156786
148447,156779
148457,156793
148467,156778
148477,156807
148487,156776
148497,156807
148507,156784
148517,156774
148527,156781
148537,156783
148547,156782
148557,156811
148567,156813
148577,156814
148587,156824
148598,156842
148640,156866
148683,156873
148688,156958
148734,156935
148779,156795
148821,156746
148828,156749
148838,156738
148848,156722
148859,156714
148868,156717
148879,156698
148888,156695
148899,156690
148908,156691
148918,156694
148929,156679
148938,156672
148949,156672
148958,156673
148968,156663
148979,156675
148988,156645
148998,156638
149008,156650
149019,156612
149028,156614
149038,156614
149049,156621
149100,156580
149108,156598
149118,156584
149129,156584
149139,156588
149148,156613
149158,156603
149169,156605
149178,156594
149189,156601
149198,156593
149209,156596
149218,156617
149229,156611
149238,156613
149249,156630
149258,156621
149269,156622
149278,156608
149289,156624
149298,156617
149309,156631
149318,156602
149329,156637
149370,156618
149378,156611
149419,156611
149461,156565
149497,156525
149500,156603
149510,156460
149519,156451
149528,156406
149538,156401
149548,156398
149558,156394
149568,156379
149579,156429
149588,156369
149598,156365
149608,156372
149618,156375
149628,156376
149638,156385
149648,156376
149658,156378
149668,156391
149678,156409
149688,156385
149698,156393
149708,156395
149719,156416
149728,156402
149738,156392
149750,156389
149760,156388
149769,156389
149780,156393
149789,156379
149799,156399
149809,156385
149820,156373
149829,156365
149839,156360
149850,156363
149900,156386
149909,156356
149919,156363
149930,156390
149939,156386
149950,156405
149959,156426
150002,156421
150009,156427
150060,156575
150102,156393
150109,156553
150119,156522
150130,156489
150139,156492
150149,156459
150159,156435
150170,156383
150179,156389
150189,156364
150199,156379
150210,156348
150219,156350
150230,156360
150239,156355
150250,156348
150301,156296
150309,156332
150319,156325
150329,156343
150340,156342
150349,156353
150359,156364
150370,156343
150379,156340
150390,156330
150399,156336
150409,156298
150420,156327
150429,156307
150439,156313
150450,156332
150459,156296
150470,156326
150479,156295
150490,156324
150499,156275
150510,156324
150519,156290
150530,156320
150539,156312
150550,156336
150559,156314
150570,156360
150579,156300
150590,156352
150599,156293
150610,156331
150663,156377
150671,156372
150679,156310
150689,156306
150700,156329
150710,156361
150720,156345
150730,156369
150740,156360
150749,156337
150760,156373
150770,156370
150780,156358
150830,156311
150840,156270
150850,156232
150860,156227
150870,156186
150880,156196
150890,156169
150900,156162
150910,156142
150921,156143
150963,156144
151004,156143
151007,156377
151012,156115
151022,156114
151064,156137
151067,156329
151072,156152
151082,156164
151091,156160
151100,156153
151110,156153
151120,156138
151131,156147
151140,156122
151151,156153
151161,156138
151210,156191
151220,156189
151231,156194
151240,156173
151251,156212
151260,156250
151271,156247
151280,156239
151291,156255
151300,156276
151311,156289
151320,156293
151331,156319
151340,156348
151351,156348
151360,156354
151370,156346
151381,156393
151390,156380
151400,156378
151411,156386
151420,156368
151431,156390
151440,156404
151451,156424
151501,156477
151512,156420
151521,156436
151530,156404
151541,156380
151550,156343
151560,156302
151571,156319
151580,156264
151631,156160
151642,156188
151692,156160
151703,156172
151744,156180
151753,156185
151761,156160
151770,156123
151781,156157
151790,156134
151800,156126
151810,156135
151821,156156
151830,156106
151840,156106
151851,156116
151860,156102
151905,156054
151911,156045
151921,156034
151932,156023
151941,155997
151951,155995
151961,155991
151971,155995
151981,156016
151991,156015
152001,156016
152011,156020
152022,156014
152031,155999
152042,155975
152051,155992
152061,156010
152071,156005
152082,156021
152091,156033
152101,156043
152111,156062
152122,156072
152131,156061
152141,156067
152151,156054
152161,156056
152172,156057
152181,156058
152191,156079
152201,156077
152211,156096
152222,156098
152231,156104
152242,156085
152251,156029
152295,155854
152334,155877
152344,155860
152351,155892
152393,155865
152402,155878
152412,155882
152453,155855
152455,155881
152462,155913
152472,155926
152514,155897
152521,155941
152532,155973
152541,155949
152551,155912
152561,155920
152572,155959
152581,155957
152591,155930
152601,155952
152611,155923
152622,155973
152631,155962
152642,155983
152651,155955
152696,155927
152703,155968
152712,156031
152721,156047
152731,156049
152741,156072
152751,156105
152762,156143
152771,156137
152781,156131
152791,156145
152802,156203
152811,156175
152821,156204
152831,156225
152842,156287
152851,156285
152861,156305
152871,156304
152881,156311
152891,156334
152902,156372
152911,156374
152921,156362
152932,156411
152941,156403
152952,156415
152961,156382
152972,156362
152981,156315
152992,156294
153002,156253
153013,156230
153056,156198
153064,156208
153073,156223
153145,156203
153153,156240
153197,156240
153205,156271
153215,156258
153293,156240
153303,156224
153313,156220
153322,156217
153333,156231
153342,156203
153352,156189
153362,156186
153372,156194
153382,156182
153392,156203
153403,156199
153412,156208
153422,156209
153433,156221
153443,156217
153452,156220
153503,156218
153513,156202
153522,156238
153532,156235
153543,156255
153552,156254
153563,156282
153572,156266
153582,156260
153593,156307
153603,156321
153612,156347
153622,156318
153633,156362
153643,156350
153652,156335
153662,156286
153673,156300
153683,156275
153692,156247
153702,156204
153713,156214
153723,156192
153732,156140
153742,156120
153753,156176
153762,156147
153772,156139
153783,156189
153792,156123
153802,156133
153882,156037
153925,156106
153927,156071
153934,156072
153943,156060
153985,156092
153993,156110
154002,156087
154012,156100
154022,156126
154033,156133
154043,156144
154052,156129
154062,156151
154073,156142
154083,156157
154092,156162
154103,156174
154112,156169
154124,156189
154133,156195
154143,156201
154153,156189
154164,156202
154173,156213
154183,156227
154193,156229
154204,156215
154213,156214
154223,156238
154233,156242
154243,156245
154254,156262
154295,156295
154304,156279
154314,156317
154323,156275
154333,156273
154343,156231
154353,156200
154363,156163
154374,156116
154383,156094
154393,156069
154404,156032
154413,156022
154423,156010
154433,156012
154443,156010
154454,155984
154463,155950
154474,155977
154483,155995
154494,155975
154535,156047
154587,156091
154594,156073
154635,156070
154643,156090
154654,156106
154663,156118
154673,156109
154683,156114
154724,156073
154726,156094
154735,156064
154744,156090
154753,156123
154763,156134
154773,156142
154784,156174
154793,156137
154804,156170
154813,156151
154823,156114
154833,156154
154844,156176
154853,156179
154863,156175
154873,156200
154884,156234
154893,156207
154903,156175
154913,156204
154924,156243
154933,156192
154943,156186
154953,156218
154963,156209
154973,156222
154983,156233
154993,156259
155004,156301
155013,156239
155023,156226
155033,156199
155044,156179
155053,156102
155095,156001
155105,156025
155114,155994
155124,155989
155133,155931
155143,155943
155154,155948
155164,155974
155173,155933
155183,155972
155193,155986
155204,155990
155244,156070
155254,156068
155264,156085
155275,156103
155284,156105
155295,156113
155305,156121
155315,156153
155325,156139
155333,156136
155345,156144
155355,156150
155405,156135
155457,156204
155465,156206
155517,156217
155528,156252
155534,156276
155544,156257
155554,156264
155598,156307
155605,156346
155615,156384
155624,156321
155634,156368
155645,156384
155654,156391
155664,156403
155674,156414
155684,156438
155695,156466
155704,156470
155714,156442
155725,156419
155734,156392
155744,156363
155755,156320
155765,156297
155774,156253
155784,156224
155794,156169
155804,156176
155815,156185
155824,156151
155834,156159
155845,156178
155854,156161
155897,156142
155905,156159
155915,156118
155924,156146
155934,156120
155945,156165
155954,156123
155964,156143
155975,156208
155984,156175
155994,156169
156005,156174
156014,156163
156025,156171
156076,156136
156126,156164
156136,156193
156186,156245
156196,156214
156245,156343
156254,156337
156265,156379
156274,156414
156284,156424
156328,156425
156336,156549
156346,156565
156356,156579
156365,156577
156376,156605
156385,156592
156396,156598
156406,156583
156415,156550
156425,156530
156435,156477
156445,156450
156455,156408
156465,156363
156475,156342
156486,156300
156495,156243
156505,156215
156515,156211
156525,156171
156535,156189
156545,156176
156555,156201
156565,156189
156575,156196
156586,156178
156595,156193
156605,156184
156615,156171
156625,156192
156635,156165
156645,156193
156656,156183
156699,156197
156705,156210
156715,156187
156726,156168
156735,156189
156788,156170
156837,156231
156847,156217
156927,156263
156935,156284
156946,156287
156955,156296
156965,156303
156975,156296
156985,156309
156995,156299
157005,156341
157016,156353
157025,156343
157036,156363
157045,156319
157056,156359
157101,156341
157107,156359
157116,156344
157126,156313
157135,156240
157145,156174
157155,156093
157165,156036
157176,156043
157185,155979
157196,156010
157205,155933
157216,155991
157225,155927
157236,155961
157245,155930
157256,155950
157265,155913
157276,155952
157285,155925
157296,155946
157305,155927
157316,155989
157325,155993
157336,156026
157345,156006
157356,156081
157366,156101
157375,156100
157386,156121
157395,156104
157405,156073
157416,156077
157425,156084
157466,156077
157515,156088
157527,156072
157572,156111
157608,156142
157617,156137
157626,156126
157636,156123
157647,156117
157656,156138
157666,156148
157677,156135
157686,156146
157696,156131
157707,156143
157716,156156
157726,156160
157737,156161
157746,156171
157756,156190
157766,156184
157776,156201
157787,156196
157796,156193
157806,156196
157817,156177
157826,156153
157836,156117
157846,156059
157856,156021
157901,155879
157908,155896
157917,155921
157927,155903
157936,155924
157947,155916
157956,155930
157966,155926
157976,155915
157987,155916
157996,155942
158006,155938
158017,155963
158026,155988
158037,156002
158046,156024
158056,156006
158067,156033
158076,156015
158086,155999
158097,156018
158106,155988
158116,155977
158159,155951
158168,155992
158177,155999
158221,156001
158226,156004
158267,156018
158278,156059
158321,156059
158328,156099
158337,156107
158347,156110
158356,156053
158366,156073
158376,156084
158387,156115
158396,156052
158406,156071
158417,156135
158426,156124
158436,156135
158446,156133
158457,156166
158466,156142
158476,156135
158487,156153
158496,156124
158506,156123
158516,156108
158527,156119
158536,156037
158546,156007
158557,155984
158566,155933
158576,155880
158586,155871
158596,155842
158607,155851
158616,155810
158626,155838
158636,155839
158646,155874
158657,155889
158698,155880
158706,155901
158717,155900
158727,155923
158737,155943
158748,155974
158757,155978
158768,155989
158777,155981
158829,155940
158838,155944
158890,155963
158897,155979
158937,156001
158950,155985
158957,155983
158967,156010
158978,155996
158987,156019
158997,156014
159008,156030
159017,156025
159028,156055
159037,156060
159047,156068
159090,156064
159099,156077
159107,156076
159117,156086
159128,156091
159137,156099
159147,156100
159157,156119
159167,156117
159178,156124
159187,156137
159198,156124
159207,156164
159217,156123
159228,156112
159237,156084
159247,156033
159258,155980
159267,155937
159278,155920
159287,155885
159297,155859
159307,155849
159317,155841
159327,155852
159337,155849
159347,155853
159357,155845
159367,155851
159377,155869
159388,155885
159397,155904
159407,155904
159417,155925
159428,155931
159437,155917
159447,155893
159495,155985
159499,156000
159548,155867
159558,155879
159568,155834
159578,155853
159587,155792
159597,155777
159607,155771
159617,155759
159627,155756
159637,155779
159687,155781
159698,155789
159708,155840
159718,155843
159728,155845
159737,155790
159748,155792
159758,155812
159768,155809
159777,155799
159789,155870
159838,155908
159847,155930
159898,155979
159909,156015
159951,155882
159958,155852
159969,155784
159978,155775
159989,155732
160034,155839
160038,155984
160048,156089
160059,156168
160068,156216
160079,156239
160088,156194
160099,156109
160108,155988
160119,155810
160128,155614
160139,155359
160148,155069
160159,154908
160168,154749
160179,154617
160188,154627
160199,154630
160208,154621
160219,154598
160228,154633
160239,154666
160248,154660
160259,154630
160304,154137
160308,153945
160320,153777
160329,153589
160338,153381
160349,153200
160358,153064
160369,152937
160378,152820
160388,152572
160398,152300
160408,151980
160419,151601
160428,151337
160438,151046
160448,150778
160492,150740
160500,150993
160583,155075
160590,155478
160633,150589
160679,154728
160688,155999
160734,158135
160740,158526
160749,158733
160758,158988
160768,159274
160778,159443
160789,159638
160798,159859
160808,160041
160819,160144
160828,160121
160838,160158
160848,160190
160859,160270
160868,160288
160878,160348
160888,160380
160899,160415
160908,160386
160918,160404
160928,160438
160939,160520
160948,160525
160958,160556
160969,160580
160978,160569
160988,160590
160999,160592
161008,160573
161018,160581
161029,160602
161038,160581
161049,160570
161058,160542
161101,160520
161109,160549
161119,160583
161129,160684
161140,160733
161149,160769
161160,160805
161169,160821
161180,160820
161222,160769
161269,160790
161312,160590
161319,160638
161329,160590
161340,160549
161349,160522
161360,160475
161369,160454
161380,160414
161389,160382
161400,160361
161409,160347
161420,160295
161429,160267
161440,160223
161449,160173
161460,160165
161501,160061
161509,160090
161520,160045
161529,160000
161539,159987
161550,159967
161559,159974
161569,159957
161579,159970
161590,159961
161599,159980
161610,159991
161619,160018
161630,160021
161639,160018
161650,160043
161659,160052
161670,160087
161679,160096
161690,160121
161699,160169
161710,160180
161719,160202
161730,160273
161739,160264
161750,160324
161759,160343
161769,160370
161780,160400
161789,160423
161800,160415
161809,160420
161860,160479
161910,160633
161960,159811
161971,159225
162020,159534
162030,159685
162039,159683
162050,160007
162059,160082
162070,160327
162079,160641
162089,160920
162100,161119
162109,161139
162119,161155
162130,160825
162139,160982
162149,161136
162160,161233
162169,161225
162179,161278
162190,161336
162199,161478
162209,161572
162219,161708
162230,161663
162239,161418
162250,161345
162259,161251
162311,160246
162320,160304
162329,160412
162341,160531
162350,160799
162360,160985
162370,161153
162381,161349
162390,161485
162401,161604
162410,161690
162421,161735
162430,161701
162441,161688
162450,161699
162461,161697
162470,161609
162481,161436
162490,160970
162501,159724
162510,160443
162521,160575
162571,160803
162614,160208
162620,160972
162663,160596
162672,160394
162714,160204
162722,158458
162731,158533
162741,158937
162750,159140
162760,159200
162770,159334
162781,159629
162790,160035
162801,160354
162810,160616
162821,160759
162830,160863
162841,160939
162850,160958
162861,160954
162870,160946
162881,160938
162890,160908
162901,160886
162910,160863
162920,160794
162930,160748
162941,160644
162950,160522
162961,160364
162971,160182
162980,159996
162991,159784
163000,159483
163010,158748
163021,157069
163030,155894
163041,156615
163050,157027
163061,157074
163103,157657
163111,158310
163122,158924
163131,159494
163140,160116
163151,160629
163160,160844
163171,160996
163180,160977
163221,159971
163264,157061
163272,157285
163280,157234
163323,158284
163332,159000
163340,159594
163351,160044
163360,160256
163371,160420
163380,160432
163391,160466
163400,160486
163411,160474
163420,160462
163431,160442
163440,160429
163451,160430
163494,159423
163500,157912
163511,153919
163521,151850
163531,152985
163541,154662
163551,155475
163561,155798
163571,156176
163581,156785
163591,157700
163601,158740
163611,159394
163621,159989
163631,160432
163641,160643
163651,160698
163661,160677
163671,160684
163681,160722
163691,160802
163701,160881
163711,160958
163721,160990
163731,161027
163741,161049
163751,161048
163762,161028
163771,160983
163781,160956
163791,160902
163801,160857
163811,160783
163821,160604
163831,160157
163876,159872
163923,160391
163932,160407
163942,160517
163951,160579
163962,160630
163972,160638
163982,160654
163992,160667
164001,160644
164011,160533
164021,160263
164062,153167
164072,151116
164081,151785
164091,151831
164101,152562
164111,153694
164122,154902
164132,155802
164141,156726
164151,157318
164162,157511
164171,157584
164184,157570
164233,157368
164241,157415
164287,157424
164294,156321
164342,161420
164354,162093
164397,163729
164444,164241
164453,164158
164461,163922
164471,163641
164482,162871
164491,162014
164502,162458
164511,162926
164522,163120
164531,162975
164541,162850
164551,162835
164561,162832
164572,162933
164581,162960
164591,162984
164602,163181
164611,163331
164622,163417
164631,163392
164642,163371
164652,163315
164693,163282
164703,163316
164713,163286
164722,163291
164732,163244
164742,163221
164752,163216
164764,163247
164772,163270
164782,163305
164792,163337
164802,163332
164812,163322
164822,163317
164832,163307
164842,163281
164852,163283
164862,163284
164872,163275
164882,163295
164892,163247
164945,163417
164952,162778
165037,159903
165040,163293
165044,158783
165052,158728
165103,158952
165114,159188
165122,159537
165132,159904
165142,160149
165152,160177
165162,160141
165172,160151
165182,160149
165192,160204
165202,160338
165212,160525
165222,160628
165232,160654
165242,160656
165252,160709
165262,160759
165272,160735
165282,160613
165292,160407
165302,160080
165312,159633
165322,159120
165332,158040
165342,158093
165353,159246
165362,159977
165372,160595
165382,161244
165392,162000
165402,162775
165412,163334
165422,163611
165432,163834
165442,164044
165452,164163
165493,163843
165502,163725
165513,163330
165522,162659
165532,162802
165542,163011
165582,163031
165593,163306
165603,163571
165642,164134
165695,163904
165702,163586
165712,163402
165722,163460
165732,163510
165742,163561
165753,163649
165762,163714
165772,163803
165782,163816
165792,163862
165802,163880
165812,164013
165822,164088
165833,163798
165842,163588
165852,163580
165896,163628
165903,163675
165913,163780
165923,164114
165933,163999
165945,163769
165953,163570
165964,163143
165974,162843
165983,163102
165993,163422
166003,163639
166013,163785
166023,163813
166033,163757
166043,163829
166053,163985
166063,164095
166073,164118
166083,164051
166093,164025
166103,164031
166113,163985
166123,163868
166133,163690
166143,163555
166154,163379
166163,163173
166173,162888
166183,161737
166193,161862
166243,163139
166254,163613
166332,165335
166346,165583
166355,165608
166404,165036
166415,165175
166423,165281
166433,165218
166443,165201
166453,165230
166463,165287
166473,165303
166483,165295
166493,165258
166503,165186
166513,165147
166523,165088
166533,165026
166543,164997
166554,164986
166563,164924
166573,164853
166583,164766
166593,164686
166603,164604
166613,164564
166623,164534
166633,164523
166643,164522
166653,164502
166693,164418
166705,164408
166714,164350
166723,164314
166734,164297
166743,164265
166753,164246
166763,164137
166773,163983
166783,163590
166793,163249
166803,162866
166813,162955
166823,163179
166833,163292
166843,163305
166853,163292
166863,163298
166873,163394
166883,163506
166893,163679
166903,163790
166913,163826
166956,163655
166964,163571
166973,163374
167016,162577
167024,162229
167065,161912
167075,162239
167119,163032
167124,163251
167135,163359
167144,163494
167155,163540
167164,163460
167175,163403
167185,163322
167194,163275
167205,163237
167215,163205
167225,163190
167234,163157
167245,163114
167255,163062
167265,162988
167274,162902
167285,162852
167295,162819
167305,162813
167314,162826
167325,162848
167335,162871
167345,162893
167355,162905
167364,162911
167375,162940
167385,162947
167394,162956
167405,162984
167415,162993
167425,162983
167434,162962
167445,162937
167456,162930
167496,162898
167506,162825
167515,162788
167525,162712
167534,162637
167545,162489
167555,162315
167564,162112
167575,161646
167585,161254
167594,161243
167605,161445
167615,161497
167625,161472
167634,161577
167677,162672
167684,162927
167695,163182
167739,162993
167744,163663
167756,163691
167800,163744
167806,163577
167854,159645
167895,157439
167904,157849
167916,158274
167924,158722
167935,159385
167945,160345
167954,160967
167964,161420
167974,161618
167984,161755
167994,161758
168004,161722
168014,161729
168024,161702
168034,161674
168044,161665
168054,161651
168064,161634
168074,161634
168084,161649
168094,161634
168104,161635
168114,161683
168124,161637
168134,161639
168144,161597
168154,161588
168164,161574
168174,161572
168184,161572
168195,161551
168206,161555
168216,161531
168226,161547
168235,161552
168246,161551
168287,161559
168296,161604
168308,161642
168314,161676
168324,161720
168335,161743
168346,161772
168356,161830
168365,161856
168375,161870
168385,161922
168394,161926
168406,161994
168446,162015
168456,161990
168466,161952
168475,161906
168485,161881
168496,161837
168505,161795
168515,161777
168525,161748
168535,161732
168587,161666
168596,161598
168607,161626
168649,161643
168658,161665
168667,161603
168709,161566
168756,161556
168765,161559
168776,161509
168786,161481
168795,161432
168840,161313
168848,161748
168856,160531
168867,160583
168875,160625
168886,160700
168896,160757
168906,160854
168915,161038
168925,161082
168936,161179
168946,161202
168956,161168
168965,161084
168976,160935
168986,160698
168995,160086
169006,159039
169016,157795
169026,157369
169035,157272
169045,157305
169056,157449
169066,157709
169110,158072
169117,160650
169130,160816
169136,160883
169146,160975
169155,161062
169166,161150
169176,161230
169185,161274
169195,161317
169206,161384
169216,161391
169226,161416
169235,161428
169246,161465
169298,160614
169306,160828
169349,161885
169355,161924
169398,161812
169449,161961
169457,162063
169499,162068
169506,161988
169516,161795
169527,161572
169537,161383
169547,161151
169557,160781
169567,160184
169576,160176
169586,160234
169597,160463
169607,160688
169617,160867
169627,161043
169637,161105
169647,161216
169657,161259
169667,161240
169677,161243
169687,161233
169697,161230
169706,161192
169717,161117
169727,161028
169737,160864
169747,160629
169756,160308
169767,159710
169777,158925
169787,158753
169797,158709
169807,158739
169817,158772
169827,158944
169836,159225
169846,159528
169857,159954
169897,160603
169908,160703
169917,160776
169927,160844
169937,160969
169947,161076
169996,161285
170039,161322
170080,161280
170088,161192
170098,161196
170107,161200
170116,161190
170127,161188
170137,161193
170147,161200
170157,161198
170166,161189
170177,161234
170187,161252
170196,161235
170207,161283
170217,161278
170226,161267
170236,161282
170247,161318
170292,161329
170300,161441
170309,161541
170317,161446
170328,161498
170336,161421
170347,161405
170357,161337
170366,161241
170377,161228
170387,161170
170396,161073
170407,161047
170417,160993
170427,160962
170436,160901
170447,160885
170457,160861
170467,160824
170476,160830
170487,160787
170497,160742
170507,160717
170516,160684
170527,160648
170537,160635
170547,160608
170557,160638
170568,160642
170577,160645
170587,160634
170598,160656
170641,160424
170690,159870
170739,159241
170747,159151
170758,159040
170808,158701
170819,158676
170828,158659
170838,158636
170848,158590
170857,158552
170867,158548
170878,158520
170888,158513
170898,158499
170907,158501
170918,158479
170928,158494
170938,158459
170948,158438
170958,158417
170967,158423
170977,158402
170987,158367
170997,158296
171007,158282
171017,158244
171027,158190
171038,158159
171048,158108
171089,158090
171091,159151
171098,157862
171108,157893
171120,157837
171128,157851
171137,157836
171147,157848
171157,157819
171167,157836
171177,157818
171187,157834
171197,157840
171207,157803
171217,157816
171227,157818
171238,157818
171248,157822
171258,157845
171268,157828
171277,157823
171287,157797
171297,157800
171307,157818
171318,157853
171370,157900
171409,157970
171420,158055
171427,158041
171471,158302
171477,158286
171563,158928
171568,158996
171578,158992
171588,159159
171597,159183
171607,159228
171617,159274
171627,159285
171637,159278
171648,159329
171658,159328
171668,159349
171677,159314
171688,159341
171698,159358
171708,159372
171717,159394
171728,159437
171738,159474
171748,159525
171758,159575
171769,159594
171779,159590
171789,159607
171798,159600
171809,159579
171819,159595
171829,159599
171838,159552
171848,159486
171859,159352
171900,156250
171909,154379
171920,152781
171929,152238
171938,152263
171949,152330
171959,152416
171969,152578
171979,152868
171989,153281
171998,153889
172008,154464
172018,154853
172068,155369
172120,155942
172162,156032
172165,156115
172169,156151
172211,156070
172218,156070
172228,156073
172239,156082
172249,156111
172259,156135
172269,156145
172278,156142
172288,156110
172298,156093
172308,156075
172355,156050
172357,153281
172361,155981
172370,155969
172379,155975
172390,155993
172398,155985
172408,155980
172418,156021
172429,156062
172438,156079
172448,156069
172458,156050
172468,156044
172479,156079
172489,156091
172499,156090
172509,156085
172518,156095
172528,156064
172538,156082
172548,156096
172558,156093
172569,156133
172579,156121
172589,156119
172598,156102
172608,156071
172618,156064
172628,156040
172639,156066
172649,156026
172694,155960
172702,155263
172709,154963
172719,154629
172729,154330
172739,154098
172749,153806
172758,153359
172769,152784
172778,151921
172788,151021
172799,150086
172809,149006
172858,149052
172868,149323
172878,149748
172889,150328
172899,151032
172909,151847
172918,153805
172930,155626
172938,156990
172949,157917
172960,158431
172969,158701
173009,159093
173020,159140
173069,159074
173114,158852
173119,158889
173130,158837
173139,158828
173149,158867
173161,158913
173202,149748
173209,158926
173260,158914
173269,158966
173279,159045
173289,159067
173300,159118
173309,159168
173320,159220
173329,159247
173339,159282
173349,159274
173359,159235
173370,159157
173379,159069
173389,158984
173400,158865
173409,158720
173419,158587
173429,158378
173440,158028
173450,157930
173460,157940
173501,158985
173510,157923
173519,157926
173529,157940
173539,157995
173549,158048
173559,158123
173569,158173
173579,158223
173589,158290
173600,158399
173610,158507
173654,158591
173656,159168
173660,158871
173669,158967
173722,158997
173772,158923
173780,158905
173789,158881
173799,158817
173809,158658
173819,158308
173829,157120
173840,155213
173850,153429
173860,152545
173870,152276
173879,151995
173890,151878
173931,151880
173939,151841
173949,151893
173960,152026
173970,152048
173980,151968
173989,151842
174000,151713
174010,151482
174020,151285
174030,151039
174039,150665
174049,150106
174059,149172
174069,148279
174080,147410
174090,147231
174100,147048
174110,146974
174119,146978
174129,147001
174139,147080
174149,147082
174159,147113
174170,147170
174180,147111
174190,147014
174200,146950
174210,146885
174220,146843
174230,146816
174241,146820
174250,146915
174342,145943
174352,145683
174389,145389
174392,150106
174403,142577
174411,142882
174451,144208
174460,144988
174470,146104
174480,147630
174490,149363
174500,151157
174510,152822
174520,154116
174530,154874
174540,155375
174550,155902
174560,156501
174570,156856
174580,157067
174590,157079
174600,157023
174610,156949
174620,156855
174630,156808
174641,156828
174650,156929
174693,157082
174702,157887
174710,158074
174720,158255
174730,158415
174740,158544
174750,158633
174761,158714
174770,158778
174780,158815
174790,158812
174801,158855
174810,158856
174820,158660
174830,158281
174841,157889
174850,157624
174860,157545
174870,157415
174881,157323
174890,157158
174900,156863
174910,156569
174921,156389
174930,155988
174940,155255
174950,155033
174960,154889
175012,155103
175022,155160
175072,155047
175122,154611
175163,154830
175172,154865
175182,154793
175190,154754
175201,154712
175210,154637
175220,154591
175230,154569
175241,154496
175251,154559
175261,154558
175271,154594
175280,154602
175290,154647
175300,154660
175310,154801
175321,154845
175331,154883
175341,154907
175351,154994
175361,155049
175371,155123
175381,155182
175391,155273
175401,155399
175411,155549
175421,155677
175431,155811
175442,155922
175451,156032
175462,156107
175501,156053
175512,156010
175521,156015
175531,156568
175541,156568
175551,156431
175562,156274
175571,156133
175581,156025
175591,155915
175602,155846
175611,155783
175621,155717
175631,155632
175642,155553
175651,155519
175661,155500
175671,155512
175682,155481
175725,155613
175733,155618
175744,155643
175787,155711
175791,155664
175802,155669
175853,155592
175863,155499
175936,154360
175943,153776
175953,153676
175961,153666
175971,153721
175981,153695
175991,153666
176002,153712
176011,153845
176021,154168
176031,154153
176042,154484
176051,154472
176061,154450
176071,153938
176082,153588
176091,153331
176101,152925
176111,152341
176122,151930
176131,151461
176141,151053
176151,150629
176161,150105
176172,149923
176182,149792
176192,149756
176201,149653
176211,149470
176221,149508
176231,149459
176242,149772
176251,150278
176262,151207
176303,153021
176312,152786
176321,152408
176331,151800
176341,150311
176351,150258
176361,150953
176371,151663
176381,151987
176391,152207
176402,152452
176412,153562
176422,154965
176432,156181
176441,157347
176487,159042
176493,159210
176503,159277
176544,159157
176552,159085
176597,158959
176599,150278
176603,159596
176652,159683
176662,159634
176672,159674
176682,159735
176692,159795
176736,159920
176738,151663
176744,160402
176752,160417
176762,160494
176772,160527
176782,160534
176792,160538
176802,160522
176812,160457
176822,160389
176832,160327
176842,160254
176852,160174
176862,160091
176872,159925
176882,159718
176892,159563
176902,159463
176912,159336
176922,159243
176932,159187
176942,159124
176952,159023
176962,158779
176972,158323
176982,157854
176992,157942
177003,158193
177012,158488
177022,158610
177032,158615
177042,158576
177052,158508
177103,158615
177113,158701
177122,158756
177132,158770
177142,158783
177154,158831
177163,158829
177172,158845
177182,158862
177192,158884
177203,158904
177212,158821
177252,154807
177262,153446
177272,152214
177282,151194
177293,150432
177303,149923
177314,149649
177323,149470
177333,149352
177342,149252
177388,147169
177394,145954
177404,145122
177483,143246
177494,142595
177575,142457
177584,143095
177595,143706
177602,143946
177613,144101
177622,144160
177633,144161
177643,144126
177653,144088
177663,144218
177673,144459
177683,145016
177693,145534
177703,146177
177713,146274
177723,146139
177733,146045
177743,145975
177754,145909
177763,145832
177773,145769
177783,145703
177793,145779
177804,146211
177813,147264
177823,148679
177833,150381
177843,152350
177853,154622
177904,160471
177914,161023
177923,161521
177933,161904
177943,162506
177953,163158
177963,162970
177973,162343
177983,162014
177993,161709
178003,161398
178013,161969
178023,163151
178033,164218
178043,165084
178053,166737
178063,168246
178073,169336
178083,169959
178093,170741
178176,171656
178186,170237
178195,167945
178246,2073
178254,2112
178263,2106
178273,2098
178284,2103
178293,2100
178336,161969
178344,1792
178354,1792
178364,1776
178373,1723
178383,1718
178393,1700
178403,1693
178413,1668
178423,1667
178433,1667
178443,1654
178453,1646
178463,1646
178473,1644
178483,1623
178493,1605
178503,1581
178513,1581
178523,1576
178533,1561
178543,1555
178553,1574
178563,1573
178573,1599
178583,1605
178593,1637
178604,1682
178613,1696
178623,1726
178633,1722
178643,1705
178653,1681
178699,1567
178705,1562
178713,1508
178723,1517
178733,1495
178743,1459
178753,1428
178798,1416
178833,1413
178845,1401
178853,1413
178895,1401
178905,1407
178915,1417
178924,1399
178935,1396
178944,1413
178954,1405
178964,1409
178974,1421
178984,1420
178994,1415
179004,1407
179014,1409
179025,1410
179034,1400
179044,1419
179054,1397
179104,1392
179115,1398
179124,1413
179134,1412
179144,1395
179154,1392
179164,1398
179174,1384
179184,1392
179194,1399
179204,1386
179214,1396
179224,1399
179234,1402
179244,1376
179254,1398
179264,1402
179274,1398
179284,1380
179294,1416
179304,1402
179314,1388
179324,1403
179334,1406
179344,1396
179354,1402
179364,1392
179374,1381
179384,1402
179394,1382
179404,1396
179414,1396
179458,1412
179465,1378
179508,1378
179514,1396
179560,1386
179565,1362
179604,1365
179616,1376
179625,1360
179666,1399
179675,1402
179684,1355
179694,1386
179704,1372
179714,1360
179724,1375
179734,1356
179744,1348
179754,1350
179764,1356
179774,1356
179784,1338
179794,1333
179805,1377
179814,1343
179824,1342
179834,1338
179844,1339
179854,1347
179906,1375
179914,1344
179924,1370
179934,1361
179944,1388
179954,1382
179965,1376
179974,1374
179985,1564
179994,2417
180005,3053
180016,2739
180025,2472
180035,2312
180045,2324
180056,2486
180065,2712
180076,2804
180085,2769
180096,2688
180105,2657
180115,2673
180125,2707
180136,2810
180145,2961
180155,3021
180166,2990
180210,2575
180214,2505
180258,1361
180267,1974
180276,1863
180347,1554
180355,1541
180399,1497
180407,1530
180416,1524
180425,1520
180435,1548
180446,1577
180455,1613
180465,1673
180475,1716
180485,1767
180496,1795
180505,1849
180516,1885
180525,1893
180536,1861
180545,1833
180555,1783
180565,1719
180575,1693
180585,1630
180595,1559
180606,1492
180615,1464
180625,1441
180635,1408
180645,1395
180655,1376
180706,1359
180717,1334
180725,1359
180735,1336
180745,1340
180755,1359
180765,1351
180775,1358
180785,1340
180795,1366
180805,1352
180815,1360
180825,1362
180835,1360
180845,1374
180855,1428
180865,1509
180875,1691
180885,1780
180895,1838
180905,1799
180950,1528
180957,1497
180998,1431
181006,1388
181051,1389
181055,1338
181097,1363
181106,1330
181116,1358
181126,1373
181135,1356
181145,1348
181155,1349
181165,1359
181175,1365
181185,1375
181195,1368
181206,1363
181216,1367
181227,1374
181236,1371
181247,1380
181256,1376
181267,1377
181276,1379
181287,1390
181296,1395
181307,1407
181316,1439
181327,1431
181336,1446
181347,1451
181356,1473
181367,1476
181376,1502
181386,1503
181397,1509
181406,1513
181417,1502
181426,1488
181437,1475
181446,1459
181497,1377
181508,1377
181516,1381
181526,1367
181537,1380
181547,1386
181558,1376
181567,1376
181577,1367
181586,1338
181596,1365
181606,1381
181656,1372
181667,1356
181677,1355
181686,1344
181697,1355
181706,1379
181716,1374
181727,1376
181737,1392
181747,1392
181757,1409
181799,1442
181808,1433
181818,1466
181858,1449
181867,1439
181907,1382
181917,1388
181926,1373
181937,1397
181946,1374
181958,1390
182001,1355
182007,1365
182016,1336
182027,1373
182036,1356
182047,1382
182056,1363
182067,1380
182076,1373
182086,1373
182097,1400
182106,1352
182116,1371
182126,1346
182137,1378
182146,1355
182157,1390
182166,1333
182177,1384
182186,1334
182197,1357
182206,1342
182217,1374
182226,1344
182237,1367
182246,1345
182257,1371
182308,1381
182316,1337
182327,1375
182337,1365
182347,1366
182356,1371
182367,1366
182378,1364
182387,1370
182397,1374
182408,1366
182417,1370
182459,1378
182467,1367
182518,1383
182529,1389
182569,1345
182580,1385
182588,1397
182597,1410
182607,1396
182618,1409
182627,1402
182637,1412
182648,1404
182657,1409
182668,1412
182677,1419
182718,1466
182728,1497
182737,1502
182747,1482
182758,1396
182767,1383
182778,1370
182787,1389
182797,1374
182808,1363
182817,1387
182828,1367
182837,1368
182848,1373
182857,1397
182868,1391
182877,1374
182888,1376
182897,1390
182908,1373
182917,1380
182928,1381
182937,1386
182948,1390
182957,1380
182968,1382
182977,1396
182988,1399
182997,1389
183008,1404
183017,1391
183028,1390
183037,1397
183047,1382
183090,1347
183131,1446
183137,1397
183150,1381
183201,1447
183208,1359
183258,1380
183269,1383
183277,1372
183288,1400
183297,1353
183308,1379
183317,1368
183328,1393
183337,1368
183348,1380
183357,1339
183368,1383
183377,1363
183388,1381
183397,1367
183408,1390
183417,1356
183428,1392
183437,1363
183448,1378
183498,1360
183508,1375
183517,1393
183528,1390
183538,1397
183549,1400
183558,1397
183569,1424
183578,1425
183588,1448
183598,1481
183608,1488
183619,1521
183628,1525
183638,1521
183648,1528
183659,1523
183668,1512
183678,1505
183688,1462
183699,1447
183708,1446
183719,1425
183728,1416
183739,1410
183748,1411
183758,1388
183769,1376
183811,1386
183818,1408
183828,1363
183873,1388
183879,1383
183930,1395
183939,1419
183980,1406
183991,1392
184031,1379
184038,1415
184049,1424
184058,1409
184068,1401
184078,1419
184089,1412
184098,1410
184109,1435
184119,1418
184128,1402
184138,1419
184148,1407
184159,1425
184168,1418
184179,1428
184188,1397
184198,1417
184209,1400
184218,1380
184229,1415
184239,1430
184248,1378
184298,1407
184309,1403
184319,1422
184328,1409
184339,1410
184348,1409
184358,1407
184369,1413
184378,1408
184389,1417
184398,1402
184409,1433
184418,1396
184429,1425
184438,1411
184449,1423
184458,1385
184469,1393
184478,1395
184489,1407
184498,1369
184509,1394
184518,1374
184529,1408
184579,1367
184589,1460
184630,1439
184671,1396
184681,1401
184721,1417
184770,1412
184780,1408
184822,1456
184829,1415
184840,1397
184849,1409
184859,1411
184870,1400
184880,1399
184889,1389
184900,1410
184909,1397
184919,1393
184929,1391
184940,1402
184949,1406
184959,1402
184969,1399
184979,1399
184990,1401
185000,1397
185009,1385
185020,1396
185029,1388
185039,1398
185049,1395
185095,1374
185099,1404
185110,1394
185119,1395
185129,1391
185140,1380
185149,1374
185160,1396
185169,1397
185180,1402
185189,1394
185200,1385
185209,1395
185220,1408
185229,1399
185239,1407
185249,1391
185260,1400
185269,1396
185279,1412
185289,1396
185300,1412
185309,1396
185319,1418
185359,1397
185362,1396
185402,1396
185410,1382
185452,1401
185459,1377
185469,1396
185480,1427
185489,1388
185499,1379
185510,1413
185520,1422
185529,1377
185539,1410
185550,1405
185590,1382
185602,1413
185609,1402
185620,1427
185629,1384
185639,1396
185649,1380
185660,1419
185669,1388
185680,1404
185690,1399
185699,1375
185709,1374
185720,1408
185729,1390
185740,1413
185749,1380
185759,1391
185770,1394
185779,1389
185790,1399
185799,1396
185809,1397
185820,1405
185829,1397
185839,1403
185850,1402
185860,1386
185870,1402
185879,1400
185889,1404
185900,1411
185910,1403
185919,1411
185963,1422
185970,1413
185980,1416
185990,1402
186000,1401
186010,1396
186020,1402
186064,1418
186066,1408
186073,1407
186110,1406
186120,1415
186164,1415
186171,1397
186221,1407
186230,1367
186240,1406
186250,1405
186261,1397
186270,1399
186280,1402
186290,1406
186301,1409
186310,1405
186321,1398
186331,1388
186341,1390
186350,1404
186360,1390
186407,1358
186411,1426
186420,1424
186431,1398
186440,1404
186451,1393
186460,1414
186470,1380
186481,1409
186490,1398
186501,1417
186510,1413
186520,1419
186530,1390
186541,1409
186550,1394
186561,1413
186570,1411
186581,1416
186590,1399
186600,1413
186610,1406
186620,1395
186631,1423
186640,1386
186651,1414
186660,1385
186671,1418
186681,1421
186690,1391
186770,1398
186772,1398
186781,1399
186792,1420
186834,1398
186841,1380
186892,1397
186901,1418
186910,1388
186921,1411
186930,1385
186940,1389
186950,1386
186961,1407
186970,1379
186981,1403
186990,1380
187000,1391
187011,1402
187020,1396
187031,1388
187040,1396
187051,1408
187060,1404
187071,1408
187081,1411
187090,1418
187143,1398
187152,1403
187161,1407
187171,1413
187181,1419
187191,1409
187201,1410
187212,1407
187221,1418
187232,1423
187241,1416
187251,1405
187261,1407
187272,1407
187281,1398
187291,1398
187301,1401
187312,1401
187321,1408
187331,1410
187341,1409
187352,1407
187361,1406
187371,1419
187381,1407
187392,1398
187437,1351
187471,1407
187481,1398
187492,1424
187533,1414
187541,1409
187591,1396
187603,1412
187612,1410
187621,1401
187631,1412
187641,1402
187651,1396
187661,1397
187671,1401
187681,1382
187691,1409
187701,1401
187712,1415
187721,1415
187731,1413
187741,1412
187751,1394
187761,1395
187771,1408
187781,1413
187791,1393
187802,1420
187811,1404
187821,1383
187832,1418
187842,1428
187851,1386
187861,1405
187872,1410
187882,1419
187891,1382
187934,1476
187942,1374
187951,1405
187961,1409
187971,1389
187982,1442
187991,1401
188002,1423
188011,1377
188022,1430
188031,1369
188041,1381
188051,1389
188062,1435
188071,1376
188081,1407
188091,1382
188135,1412
188137,1393
188143,1405
188152,1399
188194,1450
188201,1369
188213,1455
188252,1395
188264,1391
188354,1406
188363,1406
188372,1407
188382,1410
188392,1402
188402,1406
188412,1429
188422,1397
188432,1399
188443,1406
188452,1403
188462,1415
188472,1409
188482,1408
188492,1402
188502,1417
188512,1412
188522,1408
188532,1412
188542,1393
188552,1405
188563,1399
188572,1396
188582,1412
188592,1406
188602,1404
188612,1422
188622,1419
188632,1411
188642,1401
188652,1426
188662,1412
188672,1417
188682,1410
188693,1417
188736,1423
188743,1426
188752,1426
188762,1407
188772,1399
188783,1400
188792,1399
188802,1404
188812,1384
188822,1405
188832,1384
188843,1396
188886,1380
188893,1407
188934,1417
188945,1414
189024,1406
189032,1408
189042,1417
189053,1428
189062,1424
189072,1417
189083,1423
189092,1408
189102,1397
189112,1413
189122,1405
189132,1396
189144,1399
189187,1401
189192,1394
189202,1391
189213,1426
189222,1416
189232,1398
189243,1415
189252,1403
189262,1401
189272,1386
189282,1391
189292,1419
189302,1377
189313,1431
189322,1372
189332,1400
189342,1381
189352,1378
189362,1377
189372,1403
189382,1378
189392,1376
189402,1366
189412,1372
189422,1377
189432,1388
189442,1372
189452,1379
189462,1392
189472,1380
189482,1407
189492,1387
189535,1456
189585,1407
189593,1421
189602,1412
189614,1409
189622,1407
189632,1429
189642,1411
189654,1406
189662,1407
189674,1416
189714,1427
189722,1413
189734,1421
189744,1407
189754,1417
189763,1420
189773,1409
189784,1417
189793,1412
189805,1406
189813,1410
189863,1434
189913,1420
189924,1432
189933,1437
189943,1401
189954,1428
189963,1402
189973,1402
189983,1407
189994,1408
190044,1417
190054,1410
190064,1416
190074,1414
190083,1402
190093,1397
190103,1400
190114,1399
190123,1415
190133,1398
190143,1408
190154,1415
190163,1413
190173,1401
190183,1403
190194,1409
190204,1404
190213,1404
190223,1425
190234,1410
190243,1390
190253,1419
190263,1390
190273,1424
190284,1426
190293,1428
190336,1422
190343,1398
190354,1400
190363,1404
190373,1409
190383,1405
190393,1386
190403,1407
190454,1384
190466,1436
190509,1387
190514,1463
190525,1429
190568,1424
190570,1425
190575,1410
190583,1381
190593,1387
190604,1425
190613,1383
190623,1378
190634,1412
190643,1383
190653,1379
190664,1413
190673,1381
190683,1382
190693,1393
190744,1383
190755,1417
190763,1412
190774,1408
190783,1389
190794,1411
190804,1405
190813,1405
190824,1409
190835,1404
190844,1392
190855,1418
190864,1413
190874,1422
190884,1417
190895,1410
190904,1406
190914,1413
190924,1422
190935,1412
190944,1411
190954,1417
190964,1423
190975,1409
190984,1406
190994,1418
191004,1415
191015,1404
191024,1419
191034,1413
191045,1417
191055,1412
191064,1407
191074,1419
191124,1409
191135,1410
191178,1413
191184,1416
191229,1424
191232,1417
191236,1439
191244,1381
191286,1410
191295,1389
191306,1386
191314,1398
191324,1397
191335,1407
191344,1428
191355,1403
191364,1417
191374,1395
191385,1411
191394,1403
191404,1416
191414,1432
191424,1411
191435,1426
191444,1421
191454,1425
191465,1417
191474,1397
191484,1415
191495,1423
191537,1407
191545,1401
191556,1409
191565,1434
191574,1432
191584,1413
191595,1427
191604,1418
191614,1419
191624,1396
191634,1403
191644,1411
191655,1417
191664,1414
191674,1403
191685,1419
191694,1427
191704,1402
191715,1420
191724,1377
191734,1406
191744,1367
191754,1416
191765,1435
191774,1390
191784,1408
191794,1404
191805,1410
191847,1458
191854,1405
191865,1411
191905,1353
191942,1469
191956,1438
191966,1404
192015,1396
192026,1419
192036,1406
192045,1397
192055,1413
192066,1409
192075,1414
192085,1404
192096,1407
192105,1412
192116,1421
192125,1410
192135,1414
192146,1410
192155,1398
192165,1410
192175,1405
192185,1415
192196,1409
192205,1416
192215,1421
192226,1410
192235,1419
192245,1399
192256,1413
192265,1398
192276,1404
192285,1403
192295,1420
192337,1425
192345,1407
192356,1408
192366,1402
192375,1406
192385,1408
192395,1408
192405,1409
192416,1428
192425,1404
192436,1408
192445,1391
192455,1396
192466,1393
192475,1403
192485,1404
192496,1393
192506,1404
192516,1394
192525,1419
192571,1413
192576,1412
192614,1382
192616,1404
192661,1410
192666,1400
192676,1409
192721,1386
192726,1385
192818,1409
192827,1376
192836,1435
192845,1411
192856,1466
192865,1514
192876,1532
192885,1507
192895,1487
192906,1506
192915,1493
192925,1454
192936,1506
192945,1480
192956,1503
192965,1487
192975,1460
192986,1488
192995,1452
193005,1462
193015,1464
193025,1439
193035,1439
193045,1414
193056,1459
193065,1409
193076,1447
193085,1415
193095,1415
193139,1390
193146,1434
193155,1408
193166,1422
193176,1410
193185,1424
193197,1419
193206,1431
193217,1428
193225,1415
193236,1426
193245,1416
193286,1407
193295,1416
193305,1418
193315,1432
193325,1444
193335,1428
193345,1429
193356,1460
193367,1439
193376,1433
193425,1426
193468,1477
193476,1445
193520,1434
193523,1425
193528,1425
193570,1431
193577,1438
193586,1439
193597,1442
193606,1436
193616,1441
193658,1434
193667,1432
193677,1411
193688,1443
193696,1418
193706,1408
193717,1422
193726,1389
193736,1432
193747,1420
193756,1423
193767,1433
193776,1417
193786,1415
193797,1408
193806,1434
193816,1423
193827,1418
193836,1431
193846,1432
193856,1418
193867,1444
193876,1423
193886,1433
193897,1446
193940,1375
193947,1433
193957,1444
193966,1429
193976,1432
193986,1435
193996,1434
194007,1462
194016,1441
194026,1439
194036,1441
194046,1444
194057,1457
194066,1430
194110,1415
194158,1452
194199,1567
194207,1579
194216,1597
194226,1625
194237,1635
194246,1595
194256,1608
194267,1632
194276,1566
194286,1561
194297,1562
194337,1570
194348,1504
194357,1457
194367,1437
194377,1442
194386,1430
194397,1443
194406,1429
194416,1434
194427,1445
194437,1429
194446,1438
194457,1425
194466,1445
194477,1445
194488,1436
194497,1450
194508,1440
194517,1456
194528,1449
194537,1444
194548,1456
194558,1444
194567,1460
194578,1453
194587,1452
194598,1461
194607,1464
194618,1457
194627,1448
194637,1451
194648,1443
194657,1446
194668,1450
194677,1446
194688,1436
194697,1452
194741,1418
194747,1408
194788,1437
194797,1429
194850,1437
