elapsed_ms,ir
47718,161654
47729,161671
47739,161759
47748,161670
47758,161728
47769,161718
47778,161731
47788,161774
47798,161797
47809,161801
47819,161811
47829,161835
47838,161864
47848,161881
47858,161879
47868,161885
47879,161830
47889,161831
47899,161766
47909,161760
47919,161791
47929,161776
47939,161752
47949,161759
47959,161751
47969,161718
47979,161687
47989,161659
47999,161638
48009,161638
48019,161615
48029,161588
48039,161584
48049,161574
48059,161549
48069,161537
48079,161505
48089,161501
48099,161485
48109,161477
48119,161499
48130,161502
48140,161472
48149,161465
48160,161458
48170,161429
48209,161352
48220,161349
48230,161310
48239,161277
48249,161231
48260,161173
48271,161182
48279,161148
48289,161119
48339,161195
48382,161251
48389,161230
48399,161310
48409,161328
48419,161360
48429,161369
48439,161369
48449,161449
48459,161479
48469,161514
48479,161454
48489,161580
48499,161584
48509,161632
48519,161650
48531,161644
48540,161602
48549,161599
48559,161622
48569,161716
48579,161744
48589,161744
48599,161714
48610,161718
48620,161776
48630,161863
48639,161906
48649,161963
48659,161995
48669,162011
48680,162047
48689,161994
48699,162045
48709,162065
48720,162126
48729,162143
48739,162152
48749,162158
48760,162245
48770,162270
48779,162249
48789,162267
48800,162310
48810,162322
48820,162334
48830,162347
48839,162300
48849,162296
48859,162323
48869,162305
48880,162390
48922,162242
48962,162310
48966,161776
48973,162136
49013,162180
49017,161963
49021,162222
49030,162111
49039,162088
49049,162107
49059,162039
49069,162043
49079,162095
49089,162002
49099,162027
49109,162048
49120,162207
49130,162200
49140,162221
49150,162233
49159,162123
49169,162107
49179,162140
49189,162129
49200,162267
49210,162332
49220,162339
49230,162355
49239,162214
49249,162203
49259,162201
49269,162219
49280,162334
49290,162355
49300,162353
49310,162359
49320,162275
49331,162251
49339,162262
49349,162289
49359,162285
49369,162255
49379,162266
49389,162295
49400,162448
49410,162436
49420,162447
49429,162336
49440,162420
49450,162457
49460,162445
49470,162463
49479,162367
49489,162401
49499,162465
49509,162514
49520,162589
49530,162579
49613,162544
49625,162417
49673,162309
49679,162269
49689,162197
49700,162241
49710,162266
49720,162164
49732,162361
49740,162276
49750,162266
49760,162286
49770,162265
49780,162253
49790,162227
49801,162231
49811,162236
49821,162230
49831,162214
49840,162213
49850,162202
49860,162189
49870,162185
49881,162155
49891,162164
49901,162143
49911,162129
49920,162155
49930,162164
49940,162160
49950,162181
49960,162186
49970,162217
49980,162241
49990,162246
50001,162233
50011,162236
50021,162245
50031,162241
50040,162270
50050,162309
50060,162341
50070,162373
50081,162362
50091,162371
50101,162376
50111,162361
50119,162316
50131,162402
50141,162386
50150,162438
50161,162457
50170,162462
50181,162476
50223,162474
50232,162129
50241,162457
50250,162421
50261,162385
50270,162353
50281,162284
50290,162229
50302,162181
50345,162172
50353,162145
50392,162195
50396,162309
50402,162234
50414,162179
50462,162276
50471,162333
50480,162240
50490,162343
50500,162366
50510,162337
50521,162340
50530,162337
50541,162275
50551,162279
50560,162324
50570,162269
50580,162365
50590,162354
50601,162346
50611,162381
50621,162407
50631,162406
50640,162413
50650,162426
50660,162433
50670,162450
50681,162505
50691,162512
50701,162538
50711,162550
50720,162515
50730,162526
50740,162528
50751,162566
50760,162584
50771,162588
50781,162597
50791,162635
50800,162637
50811,162683
50821,162699
50830,162654
50841,162670
50851,162636
50861,162615
50871,162592
50880,162548
50891,162570
50901,162515
50911,162483
50961,162267
50970,162223
51012,162423
51054,162392
51063,162528
51072,162524
51082,162365
51126,162491
51130,162453
51141,162608
51151,162677
51160,162588
51171,162669
51180,162583
51191,162661
51200,162578
51211,162672
51221,162665
51231,162703
51240,162580
51251,162690
51261,162694
51271,162718
51280,162584
51291,162734
51301,162740
51311,162772
51362,162792
51370,162661
51380,162692
51391,162826
51401,162858
51410,162726
51421,162786
51431,162777
51440,162712
51451,162817
51461,162832
51471,162867
51480,162757
51491,162874
51501,162830
51511,162795
51520,162684
51530,162685
51541,162760
51551,162759
51560,162631
51571,162706
51581,162660
51591,162581
51600,162471
51611,162516
51621,162496
51631,162501
51641,162410
51682,162479
51723,162446
51728,162692
51731,162502
51743,162618
51784,162623
51825,162534
51832,162672
51877,162725
51892,162710
51935,162770
51939,162760
51942,162850
51951,162781
51962,162781
51972,162834
51982,162834
51991,162807
52002,162827
52012,162827
52022,162821
52031,162845
52042,162858
52052,162897
52062,162895
52071,162923
52082,162905
52092,162912
52102,162894
52111,162852
52163,162941
52170,163035
52182,162921
52191,162881
52202,162877
52212,162855
52222,162861
52231,162835
52242,162854
52252,162874
52262,162867
52271,162849
52282,162788
52292,162766
52302,162721
52311,162668
52322,162656
52332,162645
52342,162674
52351,162666
52362,162713
52372,162675
52382,162685
52391,162694
52402,162697
52412,162717
52422,162702
52431,162725
52442,162745
52482,162842
52492,162887
52542,162798
52625,162916
52631,162864
52641,162813
52651,162862
52662,162726
52672,162689
52682,162704
52692,162732
52702,162722
52712,162746
52721,162827
52732,162824
52742,162835
52751,162850
52762,162845
52772,162875
52782,162809
52791,162829
52802,162831
52812,162873
52822,162896
52831,162927
52842,162962
52852,162949
52862,162932
52871,162888
52882,162884
52891,162814
52901,162830
52911,162850
52954,162735
52961,162723
52971,162704
52981,162659
52991,162657
53001,162639
53011,162630
53021,162624
53031,162653
53041,162680
53051,162654
53061,162678
53071,162678
53081,162692
53091,162698
53101,162694
53111,162714
53121,162731
53173,162996
53181,162744
53223,162911
53231,162781
53241,162792
53252,162888
53262,162893
53271,162817
53281,162889
53291,162905
53301,162933
53312,162981
53362,162869
53372,163047
53382,163060
53391,163010
53401,163039
53412,163056
53423,163087
53431,162948
53441,162966
53452,162964
53527,162931
53538,163018
53543,163056
53553,163115
53561,162989
53571,162987
53581,162931
53591,162938
53601,162915
53611,162915
53621,162820
53631,162805
53641,162780
53651,162776
53661,162692
53671,162703
53681,162668
53691,162654
53701,162638
53711,162657
53752,162728
53762,162681
53772,162770
53781,162705
53791,162716
53801,162768
53812,162767
53822,162783
53831,162775
53841,162781
53853,162762
53863,162748
53873,162774
53882,162822
53893,162811
53903,162824
53913,162828
53922,162822
53932,162850
53942,162861
53952,162864
53963,162882
53973,162859
53983,162888
53992,162872
54002,162873
54012,162860
54022,162878
54032,162903
54042,162923
54051,162974
54093,162983
54105,163032
54154,163082
54163,163143
54243,162944
54253,163004
54263,163076
54272,162951
54282,162962
54292,162953
54302,162941
54312,162941
54322,162949
54332,162909
54342,162903
54352,162858
54362,162769
54372,162721
54382,162735
54392,162729
54402,162730
54412,162739
54422,162722
54432,162711
54442,162667
54452,162617
54462,162577
54472,162571
54482,162608
54492,162669
54502,162724
54512,162763
54555,162764
54562,162917
54572,162850
54582,162789
54592,162791
54602,162880
54612,162897
54622,162889
54632,162969
54642,162898
54652,162986
54662,163008
54672,163080
54682,163114
54692,163130
54702,163095
54712,163125
54722,163129
54732,163128
54742,163017
54752,162965
54798,162593
54804,162609
54814,162591
54855,163003
54867,163097
54872,163183
54913,163473
54923,163543
54964,163761
54974,163794
54982,163756
54992,163708
55002,163703
55012,163606
55022,163491
55032,163365
55042,163280
55052,163214
55062,163144
55072,163094
55082,163080
55092,163011
55102,163028
55112,162913
55122,162780
55133,162673
55142,162518
55153,162535
55162,162454
55173,162562
55182,162521
55193,162658
55202,162676
55213,162768
55222,162783
55233,162820
55242,162784
55253,162855
55262,162779
55273,162880
55282,162854
55293,162981
55302,162962
55313,163066
55364,163042
55373,163150
55382,163102
55393,163253
55402,163182
55413,163328
55422,163246
55432,163231
55442,163241
55453,163298
55462,163186
55506,163005
55513,163018
55524,163081
55574,163238
55583,163277
55623,163455
55666,163745
55672,163708
55682,163685
55692,163756
55703,163827
55712,163888
55758,164219
55764,164200
55773,164236
55783,164157
55793,164102
55802,164060
55813,163970
55823,163939
55833,163890
55843,163816
55853,163679
55863,163591
55873,163476
55883,163443
55893,163374
55903,163341
55913,163262
55923,163189
55933,163095
55943,162998
55953,162914
55963,162769
55973,162646
55983,162580
55993,162473
56003,162401
56013,162338
56023,162323
56033,162354
56043,162487
56053,162575
56063,162654
56073,162700
56083,162779
56093,162826
56103,162872
56113,162884
56123,162930
56133,162947
56143,162968
56153,162987
56163,162989
56173,162984
56225,162925
56233,162887
56276,162871
56280,163095
56284,163027
56294,163211
56336,162473
56385,164179
56428,164231
56432,162654
56436,164738
56443,164794
56454,164850
56463,164922
56473,165012
56483,165127
56494,165211
56503,165026
56513,165112
56524,165343
56533,165588
56544,165709
56553,165841
56563,166080
56574,166367
56583,166570
56593,166613
56603,166587
56614,166462
56658,166454
56663,166595
56673,166647
56683,166688
56694,166703
56703,166760
56713,166732
56723,166690
56734,166637
56744,166582
56753,166577
56763,166571
56774,166682
56783,166662
56794,166532
56803,166248
56814,166019
56823,166046
56833,166271
56843,166501
56854,166561
56863,166578
56873,166638
56883,166607
56894,166584
56903,166533
56913,166541
56923,166694
56934,166847
56979,166454
56983,166545
57116,165888
57123,165731
57166,165133
57173,164783
57183,164522
57193,164836
57203,164103
57214,163667
57223,163458
57233,163501
57243,163560
57254,163665
57263,163637
57273,163850
57283,164095
57293,164303
57304,164589
57313,164853
57324,165157
57333,165541
57343,165880
57354,166044
57363,165783
57374,165603
57383,165253
57394,165334
57403,165274
57414,165312
57456,165586
57464,165608
57474,165695
57483,165575
57493,165624
57504,165742
57513,165658
57523,165783
57533,165914
57544,166145
57553,166187
57563,166465
57573,166767
57584,167147
57593,167282
57603,167489
57613,167605
57624,167809
57633,167532
57643,166960
57653,166886
57664,167002
57714,167803
57757,167909
57763,167685
57773,167663
57785,167701
57795,167741
57803,167899
57814,168128
57823,168402
57833,168538
57844,168614
57854,168421
57900,168290
57914,167439
57923,167539
57933,167518
57944,167489
57954,167583
57963,167906
57973,168303
57983,168596
57995,168881
58004,169246
58014,169612
58055,171828
58105,173745
58114,174334
58124,174882
58135,175426
58144,175954
58155,176406
58164,176846
58175,177205
58185,177602
58194,178046
58204,178478
58215,179078
58224,179851
58235,180750
58244,181493
58255,181977
58264,182219
58275,182508
58284,182756
58295,182965
58304,182844
58349,182009
58354,182075
58364,182250
58374,182766
58385,182506
58394,182543
58405,182649
58414,182920
58424,183117
58435,183095
58445,183032
58454,182838
58464,182833
58475,182994
58484,183150
58494,183264
58505,183246
58514,183201
58525,183263
58535,183375
58544,183624
58554,183849
58564,183809
58574,183527
58585,183385
58594,183494
58604,183050
58614,182875
58705,179453
58714,179204
58766,177619
58776,178146
58827,178454
58835,178240
58844,177995
58854,178077
58864,177547
58875,177585
58884,177516
58895,177425
58904,177241
58914,177039
58924,176962
58934,176836
58945,176944
58954,176877
58964,176851
58974,176776
58984,176713
58995,176765
59004,176750
59015,176779
59064,176652
59075,176658
59084,176616
59095,176401
59104,176148
59114,175862
59124,175677
59134,175496
59145,175533
59154,175248
59164,175265
59174,175209
59185,175334
59194,175247
59204,175402
59214,175511
59225,175758
59234,175941
59244,176230
59254,176511
59265,176937
59274,177054
59284,177335
59294,177608
59305,178186
59314,178507
59324,179048
59374,181908
59426,182252
59436,182149
59485,183078
59495,183088
59544,183688
59556,183810
59565,184107
59574,184071
59584,184268
59594,184361
59605,184420
59614,184321
59624,184463
59634,184604
59644,184816
59654,185009
59664,185088
59675,185340
59684,185484
59694,185467
59705,185263
59714,185126
59725,185166
59734,185201
59745,185096
59754,184882
59764,184779
59775,184665
59784,184481
59795,184385
59805,184276
59814,184288
59866,184039
59876,183674
59885,183230
59895,182939
59905,182751
59915,182575
59925,182347
59935,182336
59946,182519
59955,182577
59965,182450
59975,182262
59985,182174
59995,182143
60005,182116
60015,182144
60026,182308
60035,182487
60045,182532
60055,182474
60099,182954
60106,183116
60156,182963
60166,182830
60208,182677
60213,184039
60215,182947
60258,183802
60266,184002
60275,184220
60347,182262
60356,184429
60366,184409
60376,184349
60385,184443
60396,184504
60405,184571
60415,184624
60425,184459
60435,184374
60445,184523
60456,184480
60465,184200
60476,184025
60485,183795
60496,183670
60505,183622
60516,183702
60525,183705
60535,183703
60546,183702
60555,183762
60565,183570
60575,183274
60585,183090
60596,182652
60605,182347
60615,182183
60667,180932
60676,180732
60685,180942
60695,180833
60705,180393
60715,179767
60725,179239
60735,178860
60745,177880
60755,177073
60765,176073
60776,175597
60785,175263
60796,175351
60805,175300
60815,175795
60826,176187
60835,176140
60845,175942
60855,175705
60906,174703
60916,174585
61001,172591
61016,171884
61067,171509
61077,171463
61085,171475
61095,171241
61106,171341
61115,171374
61125,171335
61135,171021
61146,171093
61155,170977
61165,171089
61175,170992
61185,170901
61195,171040
61205,171099
61215,171071
61225,170922
61235,170890
61245,170788
61255,170714
61265,170516
61275,170508
61285,170485
61295,170384
61306,170519
61315,170491
61325,170537
61335,170406
61345,170378
61355,170275
61365,170218
61375,170088
61386,170069
61395,169797
61405,169704
61415,169662
61465,169502
61478,169484
61485,169315
61495,169326
61505,169340
61556,170127
61566,170011
61616,169785
61663,169653
61666,169676
61675,169605
61685,169593
61696,169906
61705,169825
61715,169505
61726,169414
61736,169367
61745,169230
61755,169159
61766,169120
61776,169105
61785,169238
61796,169213
61806,169258
61815,169125
61868,169073
61875,169039
61886,169113
61896,169160
61906,169158
61916,169215
61926,169184
61936,169251
61946,169216
61957,169274
61966,169332
61976,169364
61986,169445
61997,169491
62006,169561
62016,169669
62027,169631
62036,169716
62046,169574
62056,169422
62066,169227
62076,169130
62086,169049
62096,169025
62106,168980
62117,168940
62126,168897
62136,168838
62147,168744
62156,168686
62166,168641
62210,169152
62218,168680
62266,168801
62318,168546
62327,168557
62336,168700
62346,168676
62356,168460
62367,168612
62376,168786
62386,168827
62398,168943
62406,168965
62448,168838
62456,168338
62466,168349
62477,168366
62486,168374
62496,168390
62506,168350
62516,168194
62526,168310
62536,168569
62547,168454
62557,168467
62569,168353
62619,168506
62628,168452
62637,168357
62647,168376
62656,168514
62666,168674
62677,168911
62686,169113
62697,169160
62706,169058
62716,168932
62769,168882
62777,168602
62786,168501
62796,168461
62806,168353
62817,168433
62826,168564
62837,168828
62846,168740
62856,168611
62867,168686
62876,168673
62887,168860
62896,168909
62906,168885
62916,168922
62926,168891
62936,168891
62946,168787
62957,168867
62967,168893
62976,168891
62986,168774
62997,168751
63006,168676
63016,168461
63057,169073
63066,169050
63077,168915
63087,168858
63097,168663
63106,168365
63116,168425
63126,168521
63171,169327
63177,170932
63188,171045
63231,169827
63238,170052
63278,170117
63289,170718
63298,170810
63306,170883
63317,170991
63326,170899
63336,170882
63346,170940
63357,171313
63366,171497
63376,171650
63387,171996
63396,171851
63407,172023
63416,171888
63468,171659
63478,172064
63486,172110
63497,172327
63506,172236
63516,172257
63526,172311
63536,172502
63546,172794
63557,172884
63566,172719
63576,172519
63587,172469
63596,172399
63606,172679
63617,172978
63626,173065
63636,173378
63647,174047
63656,174565
63667,175062
63676,175389
63687,175642
63697,175795
63706,175967
63717,176092
63727,176156
63737,176078
63747,175768
63756,175553
63767,175358
63776,175296
63787,175092
63798,174898
63840,174065
63847,174312
63858,174182
63898,174547
63908,174759
63918,174972
63958,174765
63968,174863
64019,175246
64029,175618
64037,176012
64047,175970
64057,175940
64068,176005
64077,176083
64087,176308
64097,176532
64108,176642
64117,176703
64127,176769
64137,176746
64147,176927
64158,176642
64167,176993
64177,177960
64187,178858
64198,179957
64207,180969
64217,181767
64267,183174
64277,183337
64287,183795
64298,184294
64308,184733
64317,185053
64327,184932
64337,184952
64348,184394
64357,184297
64367,184304
64377,183946
64388,184032
64397,184331
64407,184553
64417,184773
64428,184678
64437,184543
64447,184518
64457,184693
64468,185007
64477,185275
64487,185182
64497,185445
64508,185671
64517,185762
64527,185938
64579,186515
64588,186554
64678,185987
64720,185731
64730,186032
64738,186020
64780,185965
64788,186484
64838,186438
64849,186513
64890,186445
64894,185661
64897,187016
64907,187348
64918,187386
64928,187427
64937,187540
64948,187647
64957,187679
64968,187713
64977,187454
64988,179588
64997,187190
65008,192349
65017,183524
65068,173500
65078,173613
65088,173484
65097,173286
65107,172989
65118,172765
65128,172591
65137,172412
65148,172297
65157,172162
65168,172153
65177,172168
65188,172282
65197,172384
65208,172541
65217,172601
65228,172745
65237,172838
65248,172936
65257,172962
65268,172987
65277,172965
65288,173035
65297,173069
65308,173183
65317,173223
65327,173314
65338,173482
65347,173545
65358,173638
65367,173566
65378,173573
65387,173402
65432,173379
65437,173484
65441,173168
65490,173223
65532,173454
65538,173262
65549,173146
65592,172951
65597,173057
65608,173246
65617,173183
65628,173304
65637,173233
65648,173344
65657,173179
65668,173209
65677,173027
65688,173113
65697,172920
65708,173031
65717,172921
65728,173021
65737,172897
65748,172948
65757,172850
65768,172895
65777,172769
65788,172841
65797,172675
65807,172606
65818,172603
65869,172479
65879,172544
65887,172430
65897,172372
65907,172274
65917,172104
65928,172228
65937,172088
65947,172103
65957,172099
65967,172174
65977,172221
65987,172385
65997,172360
66007,172583
66017,172579
66027,172585
66037,172606
66047,172634
66057,172387
66067,172107
66077,171899
66087,171869
66137,171849
66183,171885
66191,172032
66239,172048
66289,171650
66299,172032
66309,172012
66318,172167
66328,172437
66339,172708
66348,172699
66359,172550
66368,172268
66379,171941
66388,171675
66399,171535
66408,171466
66419,171497
66428,171499
66439,171508
66448,171477
66459,171434
66468,171430
66479,171446
66488,171508
66499,171561
66508,171619
66519,171727
66528,171800
66539,171923
66548,172017
66559,172149
66568,172182
66579,172265
66588,172341
66599,172417
66608,172482
66619,172519
66668,172588
66678,172423
66688,172311
66699,172209
66708,172109
66719,171954
66728,171826
66739,171775
66781,171925
66789,172162
66798,172346
66809,172459
66819,172576
66827,172739
66839,172776
66848,172818
66859,172907
66869,173026
66879,173100
66930,174230
66938,174423
66948,174771
66959,174953
66968,175305
66978,175522
66989,175608
66998,175799
67008,175840
67018,175767
67028,175687
67073,175448
67082,173744
67088,173668
67135,173595
67139,173868
67150,173957
67200,174828
67209,174840
67218,174710
67228,174619
67239,174539
67248,174371
67258,174181
67268,173968
67278,173855
67288,173846
67298,173854
67308,173840
67318,173795
67329,173545
67338,173184
67348,173149
67358,173210
67368,173366
67378,174016
67388,174668
67398,175028
67408,175059
67418,174976
67471,174645
67480,174574
67489,174570
67498,174454
67508,174325
67518,174106
67528,173813
67538,173657
67548,173691
67558,173912
67568,174211
67578,174589
67588,175005
67598,175370
67608,175575
67618,175600
67628,175521
67638,175378
67648,175167
67658,174958
67668,174681
67678,174345
67688,174232
67698,174154
67708,174211
67749,174978
67759,175083
67803,174574
67808,175056
67819,175033
67861,174933
67870,174838
67920,174943
67929,174883
67939,174950
67948,174768
67958,174770
67968,174783
67978,174783
67988,174815
67998,174813
68008,174837
68018,174858
68028,174885
68038,174878
68048,174913
68058,174882
68068,174888
68078,174866
68088,174870
68098,174870
68108,174899
68118,174873
68129,174896
68139,174897
68149,174890
68158,174837
68168,174898
68178,174874
68188,174885
68198,174892
68209,174870
68219,174866
68270,174813
68280,174781
68289,174730
68299,174705
68309,174638
68319,174632
68329,174591
68339,174583
68349,174572
68359,174557
68369,174553
68379,174549
68389,174564
68399,174536
68409,174562
68420,174604
68429,174590
68472,174695
68481,174753
68521,174597
68526,174874
68531,174626
68540,174756
68581,174833
68624,174623
68631,174739
68643,174765
68713,174572
68721,174757
68730,174751
68740,174850
68749,174815
68760,174786
68770,174800
68779,174795
68789,174772
68799,174787
68809,174794
68819,174808
68829,174830
68839,174798
68849,174811
68859,174842
68869,174792
68879,174802
68889,174800
68899,174798
68909,174798
68919,174829
68929,174800
68939,174804
68949,174799
68959,174842
68969,174775
68979,174738
68989,174736
68999,174609
69009,174654
69060,174712
69069,174618
69080,174673
69089,174652
69099,174689
69109,174693
69119,174700
69129,174674
69139,174685
69149,174690
69159,174627
69169,174650
69179,174629
69189,174573
69199,174486
69209,174364
69219,174213
69229,174037
69281,172649
69290,172461
69332,174654
69339,171554
69381,171244
69389,171202
69399,171183
69409,171161
69419,171139
69429,171199
69476,171180
69490,171558
69500,171724
69509,171884
69520,171997
69529,172084
69539,172129
69549,172252
69559,172458
69569,172488
69579,172639
69589,172730
69599,172908
69609,172914
69619,172950
69629,173023
69639,173160
69649,173187
69659,173232
69669,173247
69679,173301
69689,173185
69699,173046
69709,172864
69720,172867
69729,172754
69739,172683
69749,172751
69759,172856
69769,172688
69779,172498
69789,172338
69799,172274
69809,172159
69861,171450
69870,170953
69879,170744
69925,172908
69929,170285
69973,170206
69983,169961
70024,170057
70034,170052
70040,170316
70049,170428
70059,170527
70069,170657
70079,170754
70089,170929
70099,171023
70109,171103
70120,171111
70129,171037
70139,170883
70149,170725
70160,170526
70170,170323
70180,169892
70190,169312
70199,168504
70209,167469
70261,163882
70271,163343
70281,163160
70291,162901
70300,162675
70310,162480
70320,162400
70330,162317
70340,162161
70350,161899
70360,161595
70370,161259
70380,160964
70390,160759
70400,160599
70410,160411
70420,160200
70430,159992
70440,159887
70450,159817
70460,159849
70470,159955
70480,160179
70490,160425
70500,160709
70510,160921
70521,161010
70530,161233
70573,163271
70581,164167
70630,166134
70681,167242
70690,167481
70702,167606
70752,167498
70761,167089
70770,166578
70780,166170
70790,165861
70800,165454
70810,165238
70820,165044
70830,164854
70840,164789
70850,164855
70860,164905
70871,164958
70880,165106
70890,165320
70900,165499
70910,165969
70921,166626
70930,167355
70940,168382
70950,169637
70960,171091
70970,172930
70980,174739
70990,176374
71000,177643
71010,178835
71062,181147
71071,181175
71081,181187
71091,181206
71100,181066
71110,181148
71120,181076
71131,181082
71140,181093
71150,181312
71161,181383
71171,181538
71180,181590
71190,181738
71201,181749
71211,181855
71221,181921
71231,181901
71240,181629
71250,181510
71303,181415
71312,181355
71321,181272
71331,181229
71340,181339
71350,181434
71361,181628
71371,181780
71381,182106
71390,182269
71400,182455
71411,182682
71421,182857
71463,183345
71471,183484
71480,183613
71490,183719
71501,183825
71511,183915
71520,183986
71530,184182
71541,184352
71550,184354
71560,184408
71570,184416
71613,184299
71621,184430
71672,184653
71682,184788
71692,184923
71736,184947
71741,185133
71751,185166
71760,185064
71770,185064
71780,185026
71790,185095
71801,185173
71811,185156
71821,185174
71831,185136
71840,185026
71850,185013
71860,185033
71870,185075
71881,185247
71891,185221
71936,184895
71942,185011
71952,184962
71961,184930
71971,184901
71980,184714
71990,184739
72000,184738
72010,184768
72020,184775
72030,184785
72041,184859
72050,184810
72060,184761
72070,184785
72081,184957
72091,184961
72100,184862
72110,184891
72121,185023
72131,184990
72141,184935
72151,184937
72160,184878
72170,184890
72180,184864
72190,184840
72201,184891
72211,184885
72254,184870
72262,184945
72313,185098
72323,185156
72332,185118
72383,185086
72392,185166
72432,185079
72443,185159
72451,185146
72493,185077
72501,185154
72511,185181
72522,185262
72531,185282
72541,185366
72551,185400
72562,185448
72572,185519
72581,185601
72591,185677
72602,185780
72612,185849
72662,185943
72671,185985
72681,185967
72692,186053
72702,186078
72712,186107
72722,186168
72732,186217
72742,186289
72751,186374
72762,186414
72772,186427
72782,186432
72791,186417
72802,186435
72812,186427
72822,186409
72831,186430
72842,186396
72852,186403
72862,186392
72871,186374
72881,186394
72891,186415
72901,186417
72911,186407
72922,186354
72932,186335
72942,186257
72951,186158
72962,186091
72972,185985
72982,185915
72991,185826
73034,185560
73043,185384
73118,186427
73124,184471
73132,184521
73143,184585
73184,184872
73191,185111
73201,185191
73252,185235
73293,185056
73302,185005
73311,184976
73322,184904
73332,184888
73342,184855
73351,184813
73362,184721
73372,184632
73382,184465
73391,184261
73402,184106
73412,183997
73456,183422
73463,183252
73471,183074
73482,182943
73491,182952
73501,182986
73511,183013
73521,182948
73532,182956
73542,182954
73551,182900
73562,182980
73572,183013
73582,183041
73591,183001
73602,183066
73612,183172
73622,183255
73631,183301
73642,183497
73652,183648
73662,183784
73671,183789
73682,183948
73692,184010
73702,184099
73711,184156
73721,184288
73732,184513
73742,184567
73752,184582
73761,184508
73772,184482
73782,184371
73791,184274
73876,184761
73884,185789
73891,186013
73944,186283
73952,186416
73998,186636
74002,186564
74012,186646
74022,186652
74031,186595
74042,186715
74052,186718
74061,186585
74071,186475
74082,186406
74092,186216
74102,185994
74111,185731
74121,185606
74131,185563
74142,185660
74151,185536
74162,185544
74172,185444
74182,185281
74191,184948
74202,184897
74212,184805
74258,184966
74262,184982
74272,184897
74281,184710
74291,184723
74302,184979
74311,185365
74321,185816
74332,186413
74342,186913
74351,187372
74362,187681
74372,187825
74382,187942
74392,188057
74401,188116
74411,188269
74421,188335
74431,188406
74441,188419
74453,188365
74463,188194
74473,187854
74482,187337
74493,186502
74537,185187
74546,184099
74595,182820
74603,181331
74645,185816
74651,175354
74696,173190
74702,172885
74713,172596
74722,172468
74732,172503
74743,172702
74753,173062
74762,173508
74773,174007
74783,174297
74793,174420
74802,174595
74813,174776
74823,174956
74833,175286
74842,175422
74853,175672
74863,175923
74873,176270
74882,176935
74893,178159
74903,179646
74913,181127
74922,182652
74932,184346
74942,186065
74952,187733
74963,189029
74973,189797
74983,189955
74993,189774
75002,189775
75013,190028
75065,188983
75073,188397
75082,187974
75092,187654
75102,187482
75113,187355
75122,187198
75132,187057
75143,187025
75153,186974
75162,186690
75173,186430
75183,186142
75193,185860
75203,185567
75213,185091
75257,183005
75262,182638
75303,180968
75315,180469
75365,179243
75372,179124
75382,179034
75392,178970
75403,178890
75413,178889
75457,179037
75459,179987
75463,180649
75474,181303
75484,181846
75493,182421
75502,183050
75513,183531
75522,183797
75532,183896
75542,183870
75552,183753
75562,183548
75572,183387
75582,183488
75592,183554
75602,183593
75612,183524
75622,183027
75632,181808
75642,180048
75652,178017
75662,176079
75672,174439
75682,173143
75692,172300
75702,171834
75712,171607
75722,171590
75732,171768
75742,171944
75752,172101
75762,172186
75772,172466
75782,172701
75792,173375
75802,174280
75812,175636
75863,185676
75873,187560
75882,188649
75893,189587
75903,190241
75913,190403
75922,190561
75932,190675
75942,190678
75952,190760
76002,191132
76013,191297
76022,191199
76033,191416
76042,191361
76053,191553
76062,191461
76072,191504
76082,191532
76093,191649
76102,191585
76146,177377
76153,191007
76202,190194
76213,190056
76222,189987
76265,189442
76272,189092
76282,188922
76292,188786
76302,188703
76312,188696
76322,188800
76332,188840
76342,188904
76352,189118
76403,189518
76415,189726
76424,189954
76433,190032
76443,190199
76453,190328
76463,190468
76474,190554
76483,190618
76493,190614
76503,190535
76513,190433
76523,190343
76533,190244
76543,190155
76553,190017
76563,189875
76573,189755
76583,189596
76593,189424
76603,189179
76613,188887
76623,188684
76633,188541
76643,188452
76653,188423
76704,188603
76714,188697
76723,188575
76733,188596
76743,188528
76753,188416
76763,188366
76773,188270
76784,188220
76825,190535
76833,189889
76874,194016
76882,194585
76974,185147
76984,183355
77034,181419
77043,182698
77053,183828
77063,184601
77073,185258
77083,185946
77128,186642
77137,191479
77144,192857
77153,193845
77164,194392
77173,194734
77183,194689
77193,194550
77203,194179
77213,193796
77223,193272
77233,192874
77243,192381
77253,192057
77263,191688
77273,191414
77283,191020
77293,190608
77303,190123
77313,189669
77323,189194
77333,188738
77343,188217
77353,187586
77363,186799
77373,185953
77383,185111
77393,184565
77403,184029
77413,183425
77423,182868
77433,182744
77443,182898
77453,183112
77505,185188
77517,185714
77524,185974
77575,187266
77584,187540
77626,188821
77673,192514
77684,193347
77693,193950
77704,194836
77713,195389
77723,195615
77734,194776
77743,192859
77754,190225
77763,186542
77774,182670
77783,179083
77793,176411
77803,174700
77814,173469
77823,172585
77833,172881
77843,173947
77854,175687
77904,184012
77914,185434
77925,186370
77934,185931
77943,184041
77953,180763
77964,177452
77973,174195
77984,172421
77993,172806
78003,174511
78014,176239
78023,175999
78034,173908
78043,171682
78054,172288
78063,172427
78073,171966
78083,172214
78093,173134
78104,173433
78113,173031
78123,172627
78133,172209
78144,171775
78153,171327
78163,171073
78216,177272
78224,176520
78317,181991
78324,184296
78335,186371
78387,188439
78394,190237
78404,191568
78414,192314
78424,192180
78434,191141
78444,188891
78454,185881
78464,183398
78474,181486
78484,180050
78494,179168
78504,177390
78514,176243
78524,175709
78535,177020
78544,179756
78555,183057
78565,184636
78574,184671
78585,184704
78594,185990
78604,188200
78615,190239
78624,191286
78635,191288
78644,190943
78655,190709
78705,188154
78715,187860
78725,187849
78735,188073
78744,188690
78754,189515
78764,190480
78775,191411
78784,192302
78795,192554
78804,192746
78815,192890
78824,192925
78835,192907
78844,192731
78855,192534
78864,192163
78874,191839
78884,191398
78930,190999
78940,190719
78944,190776
78997,192083
79004,191745
79048,184255
79057,182532
79065,181201
79074,179849
79084,178411
79094,177256
79105,176927
79150,185116
79156,185282
79205,181552
79214,179395
79224,178329
79234,176801
79244,175175
79255,174550
79264,174898
79274,176197
79284,178962
79295,181411
79304,182736
79315,182958
79324,183725
79335,185043
79344,186073
79355,187452
79364,188762
79375,190396
79384,192175
79395,194128
79404,195901
79415,197340
79424,197744
79435,198386
79444,198673
79455,198768
79506,193899
79515,192650
79524,191197
79534,189879
79544,188834
79554,188145
79607,188740
79615,189338
79661,189969
79676,192380
79684,192446
79728,192547
79735,192488
79745,192522
79754,192288
79765,192399
79774,192208
79784,191970
79794,191661
79804,191225
79814,190860
79825,190540
79834,190046
79844,189824
79854,189645
79899,188881
79905,188650
79915,188614
79924,188245
79934,188106
79945,188265
79954,188023
79964,187868
79974,187877
79985,187606
79994,186863
80004,185953
80014,185274
80025,184560
80034,183532
80044,182132
80054,180886
80065,179890
80074,179908
80084,179748
80094,180734
80105,182438
80115,183858
80125,184915
80134,186131
80145,188201
80155,189787
80165,190824
80174,191555
80185,192036
80195,192339
80205,192556
80216,192580
80225,192451
80235,192263
80285,189342
80298,188703
80337,186937
80345,186684
80355,186349
80366,185849
80375,185308
80386,184718
80396,184035
80405,183261
80415,182615
80425,182139
80467,181917
80475,182104
80486,182336
80495,182520
80506,182336
80516,181894
80526,181078
80536,180181
80546,179107
80555,177499
80566,175888
80577,174358
80585,173675
80627,175221
80636,177315
80647,178985
80696,185963
80706,185691
80715,184206
80725,182049
80736,179372
80745,176654
80756,174389
80765,172747
80776,171295
80785,169924
80828,176153
80836,179206
80846,180976
80856,182769
80865,183463
80876,182853
80885,181102
80896,178896
80905,177236
80916,175543
80925,174077
80935,173779
80946,173103
80955,173222
80965,173397
80975,175475
80986,178434
80995,181141
81005,182120
81016,181690
81025,182446
81036,184240
81045,184915
81056,185338
81099,186767
81106,186656
81115,186256
81125,185970
81135,185683
81145,185628
81156,185493
81165,185249
81176,184737
81185,183952
81195,183371
81205,182803
81258,178911
81267,178572
81318,185195
81328,188668
81369,189878
81410,190356
81418,191089
81428,191700
81466,185461
81475,183707
81485,181840
81495,180140
81505,179293
81548,182731
81557,185021
81566,187553
81575,189038
81585,191639
81595,192127
81605,191991
81615,192314
81625,191641
81635,190208
81645,188225
81655,186375
81665,185440
81676,184029
81685,182619
81695,181958
81706,182110
81715,183197
81726,185091
81735,186425
81745,186445
81755,185936
81765,185327
81775,185585
81785,185159
81795,183427
81805,181371
81816,179488
81825,177519
81836,175301
81845,173101
81855,172239
81900,178270
81906,179174
81915,179888
81925,181265
81935,181584
81945,181203
81956,181523
81966,181870
82018,178011
82029,176714
82117,176756
82158,180644
82166,182406
82177,184321
82186,185918
82196,187357
82206,188790
82217,190546
82226,192193
82236,193932
82246,195844
82256,197212
82267,196934
82317,186664
82326,183418
82336,180347
82346,177442
82356,175187
82366,173724
82377,173753
82386,174877
82396,177061
82406,179388
82416,180550
82427,181090
82436,182196
82446,184639
82456,186486
82466,188254
82477,189797
82486,191323
82497,192654
82506,193559
82516,194188
82526,194591
82536,194901
82547,195161
82556,195391
82566,195590
82576,195813
82586,196046
82597,196191
82606,196295
82616,196168
82627,195863
82636,195559
82646,195136
82656,194702
82736,174877
82741,194298
82748,194529
82798,195233
82848,194404
82857,194716
82866,195003
82876,195544
82886,195979
82896,196263
82906,196391
82917,196408
82926,196207
82936,195852
82947,195564
82956,195156
82966,194766
82976,194356
82987,194122
82996,193853
83006,193793
83016,193775
83026,193792
83037,193911
83046,193921
83056,193885
83107,193936
83116,193904
83127,194087
83136,194132
83146,194246
83156,194342
83166,194367
83176,194497
83186,194485
83197,194583
83206,194430
83216,194153
83227,194117
83236,193839
83246,193848
83256,193760
83266,193631
83277,193750
83286,193721
83296,193656
83307,193767
83316,193637
83326,193658
83336,193612
83347,193548
83398,192679
83447,191856
83497,191664
83507,191762
83516,191669
83526,191736
83536,191804
83587,191918
83597,192045
83607,192020
83616,191981
83626,191978
83637,192066
83646,191973
83656,191993
83667,192062
83676,191875
83686,191852
83696,191816
83707,191897
83716,191842
83727,191960
83736,192020
83747,192203
83756,192306
83766,192434
83777,192720
83786,192724
83796,192831
83806,192978
83817,193120
83826,193098
83836,193235
83846,193244
83856,193266
83909,192474
83917,192208
83926,192028
83937,191794
83946,191692
83957,191557
83967,191362
83976,191205
83987,191128
83996,191208
84041,191170
84045,191816
84049,191897
84098,190568
84108,190395
84149,192978
84158,188524
84167,188059
84177,186989
84188,184493
84197,181312
84207,178390
84217,176146
84228,174252
84237,172725
84247,172245
84257,172466
84268,172697
84309,191362
84317,173941
84327,173256
84337,172464
84348,171579
84357,171081
84368,170930
84377,170852
84387,170754
84397,170867
84407,171153
84417,172316
84427,175494
84437,177968
84447,181282
84457,184848
84467,187560
84477,189895
84487,192063
84497,194236
84507,196174
84517,197745
84527,198339
84537,198358
84547,197016
84557,195406
84568,193681
84578,192330
84587,191463
84597,191147
84608,190912
84617,190780
84627,190592
84638,190295
84647,189883
84657,189744
84741,186884
84747,187211
84758,187249
84767,187818
84777,188247
84788,188880
84797,189334
84807,189496
84818,189296
84827,189274
84837,188771
84848,188244
84897,182121
84908,179155
84917,177478
84927,176403
84938,175563
84948,174842
84957,174245
84967,173738
84977,175287
84987,177933
84997,183586
85041,187066
85048,183372
85060,184040
85107,179031
85120,178102
85209,182212
85217,185045
85227,187019
85237,189228
85248,189740
85257,191736
85268,194112
85277,194106
85287,191945
85297,190748
85308,189979
85317,188591
85327,187071
85337,185981
85348,185329
85357,183973
85367,183048
85377,182895
85387,184133
85398,186353
85407,188006
85417,188750
85428,188740
85437,187953
85447,189883
85457,192257
85503,188217
85508,184948
85517,182941
85527,181621
85538,180444
85547,179420
85557,179177
85567,180349
85578,183121
85587,186699
85598,189615
85607,189916
85618,191534
85627,191066
85638,190371
85647,189542
85658,188091
85700,186103
85709,180587
85718,179235
85761,175300
85769,174528
85779,175138
85818,179848
85861,181550
85867,182584
85919,185580
85927,186110
85938,186699
85948,187254
85959,187646
85968,187891
85978,187765
85989,187538
85998,187349
86008,186925
86019,186468
86028,186076
86038,185595
86049,184978
86058,184559
86068,184328
86079,184422
86088,184416
86099,183109
86108,181940
86118,180949
86129,181243
86138,182738
86149,185284
86158,187773
86169,189399
86178,190006
86188,190855
86199,190577
86209,191838
86218,192248
86228,190017
86238,188279
86249,187548
86299,184971
86308,183500
86318,183064
86328,183015
86339,184397
86348,186967
86358,189821
86409,194007
86449,195381
86459,189354
86499,179341
86508,177304
86518,176171
86528,177030
86539,178820
86548,181190
86558,183930
86568,186066
86578,187888
86588,192845
86599,194652
86609,196746
86618,198141
86629,199623
86638,200247
86649,199988
86658,198850
86703,187558
86711,185825
86718,184901
86729,184170
86738,183480
86749,182512
86758,181459
86768,180507
86779,179868
86788,179785
86799,179468
86808,179094
86819,178566
86828,177958
86839,177534
86848,177079
86859,176574
86868,176220
86879,176054
86888,176137
86899,176140
86908,176092
86919,175946
86929,175626
86938,175533
86949,175744
86959,176065
86968,176186
86979,176620
86988,177342
86999,178681
87052,187423
87099,189065
87149,189222
87159,188840
87211,184134
87218,183282
87229,182692
87238,181650
87249,180960
87259,180287
87268,179662
87279,179536
87288,181128
87299,183934
87308,185929
87319,188826
87328,190079
87339,191499
87348,193414
87359,195775
87368,196960
87379,195811
87388,195930
87399,196438
87408,196413
87419,195981
87428,194624
87439,192889
87448,190737
87459,188676
87509,179455
87519,177449
87528,175656
87538,174918
87548,174976
87559,176149
87568,176746
87579,177315
87588,178311
87599,180205
87608,182038
87619,183686
87629,184515
87638,184856
87649,187330
87658,190845
87669,194375
87678,197301
87689,198451
87698,197942
87708,195298
87760,180685
87769,179730
87820,181411
87871,187137
87912,187127
87922,180205
87930,187329
87939,187822
87949,188349
87959,188853
87970,189133
87979,189114
87990,188865
87999,188093
88010,186702
88019,184472
88030,181610
88039,178430
88050,175154
88059,172485
88070,170247
88079,168771
88090,167962
88099,167811
88110,168825
88119,170023
88130,170851
88139,171259
88150,171644
88159,172265
88170,173085
88179,173531
88190,173498
88200,173292
88209,173210
88220,173104
88229,173050
88240,173188
88249,173471
88299,174564
88309,174893
88319,174758
88329,174054
88340,173337
88349,172886
88360,172709
88369,172542
88380,172453
88389,172855
88400,173625
88409,174094
88420,174577
88471,175200
88481,174487
88532,170719
88573,170106
88584,177734
88591,179349
88599,180866
88610,182200
88619,183395
88630,183532
88640,183735
88649,183966
88660,184060
88669,184073
88680,184086
88720,185531
88730,185796
88739,185853
88749,185624
88760,185189
88769,184691
88779,184297
88789,183830
88799,183207
88809,182334
88819,181418
88829,180591
88839,180113
88849,179968
88859,179583
88869,179531
88879,179474
88889,179589
88899,179904
88909,180712
88919,181794
88929,182857
88939,183711
88949,184214
88960,184885
88969,185329
88979,185974
88989,186939
88999,188222
89009,189860
89019,190775
89029,190460
89039,189314
89049,187722
89093,185506
89100,186349
89110,187199
89119,187884
89129,188543
89139,188919
89150,188976
89159,188084
89170,186623
89179,184374
89190,182161
89239,176288
89249,178208
89259,180834
89269,183512
89280,185181
89290,185728
89299,185825
89310,186394
89319,184774
89330,183707
89340,182698
89380,181389
89384,189314
89390,182644
89401,182836
89411,182243
89461,186102
89510,191692
89553,191666
89561,189445
89642,176828
89645,185181
89650,182445
89660,183924
89670,184920
89680,186203
89690,187361
89701,188702
89710,190009
89721,192467
89730,195662
89741,198522
89750,200395
89760,201721
89770,201921
89780,201319
89790,199703
89800,196352
89810,191627
89820,186839
89830,183118
89840,180259
89850,177916
89860,177224
89904,184378
89910,186173
89921,187666
89930,189642
89940,191798
89950,192854
89961,192403
89970,190453
89980,187650
89991,184616
90000,182043
90010,180301
90020,179193
90030,176902
90040,175392
90050,175025
90060,176358
90070,178944
90080,181893
90090,181574
90100,182058
90142,182838
90151,185519
90161,186038
90332,191952
90342,188494
90350,185651
90360,183340
90370,181359
90380,179585
90390,178489
90400,178047
90410,178649
90420,180116
90430,181855
90440,183339
90450,184736
90460,186295
90470,187562
90480,188953
90490,190610
90500,192388
90510,194369
90520,196021
90530,197367
90540,198070
90550,198592
90561,198789
90570,198414
90580,197471
90590,196255
90600,195292
90610,194414
90620,193723
90630,193175
90640,192634
90650,192040
90694,190079
90702,189939
90710,189667
90720,189448
90730,189252
90740,189185
90750,188904
90760,187736
90770,185651
90780,182379
90790,178971
90800,176634
90810,174634
90820,172731
90830,171852
90873,175042
90921,177142
90962,172960
90970,172527
90980,172391
90990,172311
91000,172566
91010,172916
91020,173644
91030,173373
91040,172129
91050,171656
91060,172561
91111,178301
91121,178883
91131,179286
91140,179178
91150,178929
91160,178320
91170,177176
91180,176060
91190,174898
91200,173916
91210,173375
91220,173244
91230,173115
91240,173307
91250,173539
91260,173449
91270,173237
91280,174021
91290,175906
91300,177444
91310,179346
91320,181473
91330,184195
91340,186986
91350,189995
91361,193206
91370,195591
91380,196953
91390,197059
91401,197171
91411,197583
91421,198119
91430,198715
91441,199598
91451,200189
91492,200874
91501,200626
91541,188931
91551,185102
91593,176201
91601,176458
91655,183624
91661,185379
91671,186394
91681,187935
91691,189796
91701,191382
91711,192363
91721,192646
91731,192403
91742,191930
91751,191341
91762,190872
91771,190742
91781,190614
91791,190636
91801,191004
91811,191718
91821,192709
91831,193982
91841,195313
91851,196431
91903,194068
91912,191962
91921,189234
91931,186185
91941,183339
91951,180520
91961,178467
91971,176934
91981,176612
91991,178548
92001,181782
92011,184302
92021,186252
92031,187201
92041,188172
92051,188727
92061,188647
92071,188337
92081,188008
92091,187902
92101,187790
92111,187584
92121,187115
92132,186764
92141,186529
92151,186503
92196,187302
92201,188106
92243,186125
92252,183344
92335,171959
92338,178548
92343,172609
92351,171999
92362,171278
92371,171012
92381,171454
92391,172035
92401,172227
92411,172070
92421,171670
92431,170882
92441,170478
92451,172756
92461,178072
92471,181932
92481,185360
92491,187367
92501,188746
92511,190289
92521,191543
92531,192646
92541,193635
92551,194950
92562,196462
92571,198155
92581,198205
92591,197352
92601,196159
92611,195198
92621,194610
92631,194047
92641,193846
92651,193645
92702,192498
92712,190310
92721,187144
92731,183583
92741,179769
92752,176878
92761,174184
92771,171891
92781,170741
92791,171451
92801,172788
92811,173908
92821,174524
92831,174741
92841,174596
92851,174588
92894,174349
92904,170949
92951,172966
92965,173421
92972,173687
93013,175608
93024,175860
93032,175989
93042,175495
93051,174470
93061,173298
93071,171743
93116,177473
93122,180777
93132,184848
93141,187652
93151,189070
93161,191976
93171,194991
93181,196451
93191,196174
93202,194742
93212,192883
93222,191220
93231,189889
93242,189030
93252,188109
93262,187314
93271,186538
93282,185478
93292,183655
93302,181943
93312,180312
93321,178596
93331,176613
93341,174969
93351,174093
93361,173756
93371,173877
93381,174437
93391,174574
93402,174861
93412,175840
93422,177367
93432,178288
93442,178403
93452,178028
93495,178466
93502,177726
93512,176955
93523,176315
93533,175909
93542,175393
93552,175279
93561,175462
93572,176136
93582,176967
93592,177691
93602,178176
93613,178131
93663,180217
93673,181060
93683,181411
93693,182166
93702,183836
93712,185218
93723,186004
93732,185755
93742,184878
93753,184163
93803,180540
93812,181621
93864,184351
93875,183452
93912,181428
93955,179189
93962,179679
94040,182166
94045,188941
94052,191046
94063,192317
94072,191461
94082,189329
94092,186592
94102,183494
94112,180843
94123,178797
94133,178268
94143,178688
94153,180237
94162,182723
94172,184858
94182,185841
94192,184465
94202,183394
94212,182457
94222,181186
94232,180351
94243,179375
94253,177785
94263,175766
94306,174040
94312,174396
94324,174348
94332,174132
94342,174719
94352,176606
94363,176016
94372,174450
94382,176466
94392,180259
94403,181628
94413,182225
94423,183788
94433,186093
94442,187946
94452,189300
94462,190152
94472,189556
94483,188807
94493,187773
94503,186199
94513,183842
94522,181282
94532,180773
94542,181777
94552,184536
94604,187729
94612,185617
94653,183136
94743,181060
94753,181426
94762,179970
94772,179496
94783,179329
94793,178306
94802,177430
94812,176767
94822,176400
94832,176403
94843,176427
94853,176199
94863,176502
94873,177321
94882,177876
94892,177950
94902,178606
94912,177806
94923,177063
94933,176848
94943,176780
94953,177036
94962,177061
94972,177212
94982,177736
94992,178103
95003,178279
95013,178002
95023,177495
95033,176833
95042,176074
95052,175910
95104,173481
95113,173503
95122,173567
95132,173393
95142,172923
95152,172911
95162,174115
95172,176372
95183,177966
95193,178854
95202,179367
95213,179780
95223,180035
95233,180178
95242,180389
95285,180586
95294,180241
95343,177378
95386,177691
95393,178102
95403,177899
95413,177703
95423,178064
95433,178696
95444,179294
95454,180154
95464,181143
95474,181842
95483,182491
95493,183685
95546,184542
95554,185839
95563,187403
95573,188513
95583,189246
95593,189448
95603,188754
95613,187114
95623,185194
95633,183573
95644,182003
95654,180779
95664,179773
95674,179329
95683,179863
95693,181535
95703,183924
95713,185684
95724,186521
95734,186714
95744,186273
95754,186773
95763,187403
95773,186932
95783,185959
95793,184662
95804,183447
95814,182772
95824,182326
95834,182018
95843,181988
95853,180738
95903,183464
95947,181454
95955,181923
95969,181507
95974,180469
96016,176152
96024,175434
96076,182412
96084,184073
96094,186272
96104,188952
96114,189743
96123,189071
96133,188184
96143,190008
96153,191361
96164,191636
96174,189928
96184,187035
96194,184141
96203,181431
96213,180357
96223,180031
96234,180350
96243,180986
96254,182065
96297,182870
96303,182844
96314,182410
96324,181742
96334,180597
96343,178923
96354,177522
96363,176125
96374,174637
96384,173495
96394,173043
96403,173015
96414,173198
96424,174004
96434,176237
96443,177567
96454,177722
96464,177072
96474,177250
96483,177644
96494,180271
96504,183290
96514,185484
96523,186634
96534,187116
96544,187789
96554,188463
96563,188738
96573,189491
96626,188039
96634,187052
96684,187724
96727,173015
96733,190436
96745,189503
96785,185761
96794,185640
96805,185654
96814,185823
96824,185924
96834,186002
96843,185836
96854,186050
96864,186210
96874,186114
96883,185430
96894,184350
96904,183199
96914,182188
96923,180890
96934,179578
96944,177712
96954,175616
96963,173548
96974,171777
96984,171345
96994,172370
97003,173675
97014,174654
97024,174931
97034,174930
97043,175254
97054,175970
97098,176325
97105,176813
97114,176892
97123,176823
97134,176303
97144,175332
97154,173619
97164,171422
97174,169509
97184,168455
97194,169593
97205,177508
97215,180317
97225,182003
97235,187272
97244,190950
97255,193154
97265,194540
97275,195397
97284,196014
97294,196340
97305,195748
97350,190821
97355,189742
97365,188415
97406,176631
97414,181361
97423,179755
97465,175707
97477,175586
97515,176126
97526,175241
97535,174435
97545,177503
97555,179958
97564,181454
97574,182339
97585,183682
97595,186311
97605,188073
97615,189108
97625,190009
97635,190660
97644,191008
97655,189670
97665,186800
97675,184307
97684,182519
97695,181929
97705,182340
97715,182938
97724,184161
97735,186060
97745,185567
97755,184643
97764,182126
97774,181160
97784,181037
97795,180638
97805,179852
97815,179038
97825,178839
97835,178852
97844,178847
97855,179064
97904,176281
97915,176892
97924,177379
97934,178092
97945,179396
97955,180826
97964,182544
97974,185852
97985,190064
97994,193491
98004,193495
98055,202736
98064,200528
98074,197325
98083,193730
98096,190043
98104,188028
98115,187038
98124,186619
98135,185131
98145,183990
98154,183715
98206,192710
98217,190560
98227,189868
98277,194536
98284,195134
98329,195650
98376,193743
98384,193104
98394,192589
98470,189176
98474,188448
98486,187864
98494,187240
98504,186983
98514,186708
98525,186619
98534,186501
98544,186566
98554,187022
98564,187477
98574,188001
98584,188518
98594,188818
98604,189206
98614,189641
98624,189758
98634,189756
98644,189506
98654,189309
98664,189071
98674,188721
98684,188164
98726,187533
98737,186133
98746,184872
98754,184044
98764,182949
98774,183018
98784,183853
98794,185719
98804,187984
98814,189719
98824,190895
98834,191893
98844,192438
98854,193159
98864,194256
98874,195220
98884,195041
98894,193759
98904,195542
98914,197689
98924,199455
98934,200158
98944,199901
98954,197974
98964,194889
98974,191324
98984,188554
99027,187297
99036,184383
99117,188736
99122,183018
99126,190443
99178,189150
99186,188365
99227,185052
99234,183473
99245,182010
99256,180605
99266,179382
99276,178465
99285,177122
99295,175540
99305,173930
99315,172860
99326,172979
99336,173402
99345,174181
99355,174602
99365,174764
99375,174788
99385,175076
99395,175681
99405,176565
99415,177633
99425,179082
99435,181187
99445,183550
99455,185690
99507,188979
99517,189526
99526,189825
99535,190034
99545,190101
99555,190057
99565,189998
99575,190058
99585,190148
99595,190351
99605,190538
99615,190647
99625,190791
99635,190890
99645,190928
99655,190858
99665,190703
99675,190350
99685,189872
99695,189601
99705,189535
99715,189574
99725,189480
99735,189252
99779,187261
99828,181619
99870,171756
99877,170232
99917,168607
99920,190058
99925,173694
99935,174375
99946,174507
99955,173906
99965,172898
99975,172941
99985,173612
99995,173913
100005,173580
100015,172826
100025,171749
100035,170558
100045,169349
100055,168883
100065,175932
100075,179375
100085,181940
100095,183640
100105,184767
100115,185401
100125,186114
100135,186686
100145,187054
100155,186958
100165,185823
100175,184825
100185,184144
100195,183692
100205,183731
100215,183410
100225,181902
100235,181198
100245,181678
100255,183009
100299,185949
100306,186229
100317,187487
100325,188277
100335,189325
100346,189759
100355,188524
100365,190327
100376,193055
100419,196238
100466,184043
100476,182201
100517,182844
100526,185376
100535,188848
100546,191688
100555,191633
100566,189912
100575,187578
100586,186058
100595,184890
100605,183606
100616,182127
100625,180168
100635,178596
100645,177162
100656,175161
100700,174623
100707,175164
100717,175000
100726,177068
100736,180335
100745,181755
100755,181440
100766,182527
100775,182150
100786,181418
100795,181055
100805,180938
100816,180212
100825,179428
100835,178540
100845,177415
100856,176530
100865,175753
100875,176077
100885,176011
100896,176434
100905,176375
100915,176440
100925,176528
100936,176492
100945,176661
100955,177444
100966,178240
100975,178688
100986,179970
100995,180573
101005,182029
101016,184456
101025,186286
101072,190706
101109,191452
101119,194349
101156,193193
101159,184429
101167,181297
101176,179604
101185,178748
101230,183725
101238,187488
101247,189805
101255,188758
101266,187681
101275,187075
101285,187195
101296,188044
101305,188884
101315,189682
101325,190294
101336,190775
101345,191114
101355,191400
101366,191463
101375,191257
101386,190987
101395,190615
101405,190339
101416,190053
101425,189753
101436,189638
101445,189495
101456,189413
101500,190196
101506,189570
101517,189622
101526,189388
101536,188999
101546,188664
101555,188488
101566,188509
101575,188658
101586,189036
101597,189563
101606,190314
101617,191315
101626,192414
101637,193430
101646,194315
101657,195048
101666,195682
101677,196242
101686,196604
101697,196811
101706,196105
101717,195377
101726,195093
101737,195078
101746,195067
101789,194832
101797,194571
101847,191686
101888,190962
101891,188664
101896,190539
101942,193603
101947,195902
101987,203099
101998,202225
102046,191832
102057,188690
102066,185265
102077,182074
102086,178801
102097,175605
102106,173976
102116,173653
102126,174088
102137,175122
102146,175667
102157,175841
102167,176060
102176,176432
102187,176950
102196,177795
102206,178928
102217,180466
102226,182025
102237,183845
102246,185387
102257,186909
102307,198405
102316,199916
102326,200838
102336,201005
102347,200735
102357,200227
102367,199689
102376,199220
102386,198760
102396,198478
102406,197696
102449,195686
102457,182173
102466,183155
102477,185335
102487,188251
102497,190819
102506,192208
102517,192671
102526,192677
102536,192576
102546,192271
102588,191581
102600,192637
102608,187197
102696,177674
102706,176572
102716,175293
102726,173725
102736,172614
102747,173508
102756,174448
102766,174009
102776,173296
102787,173357
102829,173727
102832,188251
102837,174326
102846,174946
102858,176753
102867,178597
102876,180285
102886,181845
102896,183165
102907,184425
102916,185386
102926,186193
102936,186794
102947,187201
102956,187222
102967,187273
102976,187023
102986,186554
102996,186024
103006,185476
103016,184951
103026,184485
103036,183918
103046,183320
103056,182665
103106,180968
103118,181117
103127,181076
103136,181222
103146,181491
103156,181800
103166,182176
103177,182595
103186,182826
103230,184169
103237,184799
103281,186693
103287,187261
103328,190704
103337,192556
103346,194609
103357,196822
103366,198286
103377,199627
103386,199971
103396,199352
103406,197713
103417,196857
103426,196204
103436,195704
103446,195580
103456,195260
103507,190669
103518,189391
103527,187836
103536,185894
103547,183902
103556,181590
103566,179823
103576,178390
103587,176955
103596,175449
103606,174678
103616,174505
103626,175380
103636,177293
103646,178857
103656,180001
103666,180324
103677,180596
103686,180956
103696,181260
103707,182157
103716,183008
103727,184262
103736,185307
103746,186515
103756,187544
103766,188456
103776,188979
103786,189276
103796,189385
103806,189282
103816,188985
103826,188593
103870,188097
103879,185783
103889,185438
103931,174678
103936,183494
103948,183529
103988,183154
103998,183083
104048,183538
104060,183590
104066,183632
104076,183548
104086,183453
104097,183323
104106,183103
104117,182791
104127,182505
104136,182306
104147,182024
104156,181814
104167,181646
104177,181560
104188,181353
104197,181164
104206,180989
104217,181080
104227,180975
104237,180725
104247,180396
104257,180106
104307,179863
104319,181901
104327,184109
104336,185392
104347,185420
104358,185231
104367,185466
104378,186525
104387,187818
104398,188972
104407,189409
104418,188924
104427,188828
104438,188968
104447,189074
104458,188800
104467,188513
104478,188349
104487,188379
104498,188372
104507,188527
104518,189031
104527,189810
104538,190576
104547,191091
104558,191303
104607,188830
104618,188415
104668,187694
104718,188878
104729,189020
104770,188991
104781,188800
104790,188999
104797,189129
104807,189302
104818,189449
104827,189650
104837,189750
104847,189862
104857,189892
104867,189864
104877,189718
104887,189581
104897,189337
104907,189110
104917,188923
104927,188793
104937,188760
104947,188811
104957,188807
104968,188869
104977,188933
104988,188906
104998,188866
105007,188802
105017,188811
105028,188681
105037,188690
105047,188571
105057,188525
105099,188779
105108,188723
105117,188789
105127,188760
105137,188742
105147,188692
105157,188778
105167,188672
105177,188778
105188,188697
105197,188778
105207,188812
105217,188735
105227,188811
105237,188715
105247,188839
105257,188788
105267,188893
105277,188874
105287,188970
105339,189001
105348,189048
105398,189097
105409,189264
105457,189486
105469,189521
105477,189484
105487,189417
105498,189446
105541,189412
105551,189382
105559,189508
105568,189435
105577,189379
105587,189381
105597,189399
105607,189398
105618,189396
105627,189289
105638,189296
105647,189209
105657,189157
105668,189273
105677,189256
105687,189259
105697,189227
105707,189165
105718,189284
105727,189248
105737,189214
105748,189370
105757,189342
105767,189263
105778,189397
105787,189246
105797,189127
105808,189234
105817,189085
105827,188975
105838,189041
105847,188914
105857,188823
105910,188809
105918,188716
105927,188660
105937,188611
105947,188514
105958,188630
105967,188501
105977,188484
106018,188951
106030,189265
106070,189586
106073,190349
106078,190706
106087,190667
106097,190481
106167,187856
106170,184401
106179,183443
106190,182621
106230,178591
106238,177483
106247,176640
106257,175991
106268,175655
106278,175394
106321,188630
106328,175440
106340,175011
106348,175764
106357,177236
106367,178261
106378,178847
106387,179658
106397,180625
106408,182175
106417,184693
106427,187930
106438,192043
106448,195393
106457,197456
106468,197717
106479,196777
106487,194481
106498,191580
106509,188914
106518,186676
106528,185192
106539,183303
106548,181614
106558,180940
106569,181349
106578,182266
106589,182882
106598,182800
106608,182322
106619,182474
106628,183214
106638,183390
106648,183772
106659,184448
106700,189481
106708,190705
106717,191423
106729,191854
106738,191889
106748,191706
106759,191469
106767,191330
106779,191209
106789,191347
106798,191544
106808,191790
106851,192672
106858,193063
106869,193456
106880,193927
106888,194463
106898,195114
106908,195736
106919,196370
106929,197163
106938,198364
106949,198875
106959,198806
106970,198523
107010,200118
107022,201195
107028,202146
107069,203511
107109,193790
107155,185763
107159,184227
107197,183114
107211,185744
107219,187256
107230,187843
107238,187645
107248,187995
107259,189055
107268,189720
107279,189839
107288,189623
107298,189107
107309,188459
107318,187736
107329,186583
107338,185285
107349,183871
107358,182371
107368,180801
107378,179112
107389,178332
107398,177527
107408,176807
107419,176105
107428,175593
107438,174930
107448,175370
107490,175993
107498,177825
107510,178384
107519,179619
107528,180170
107538,179763
107548,179347
107559,178801
107568,177969
107578,177412
107588,176857
107599,176479
107608,176521
107618,176627
107628,176748
107639,176567
107648,175804
107659,175486
107741,180217
107782,183321
107790,183979
107798,184537
107808,184943
107819,185029
107828,184541
107838,183786
107849,183315
107858,182632
107869,181981
107878,181260
107889,180670
107939,177563
107951,178217
107960,179560
107968,181037
107978,181743
107989,182375
107998,184044
108009,184806
108018,185908
108029,187948
108038,189509
108049,190889
108058,192617
108069,194668
108078,195244
108089,192959
108098,191049
108109,190635
108118,189693
108129,188360
108138,186852
108148,185916
108159,185276
108168,183630
108179,180883
108188,180151
108199,181262
108208,184718
108219,188989
108228,191629
108239,192065
108248,191404
108259,192103
108310,193999
108319,192802
108361,186315
108369,184287
108413,177919
108421,178708
108429,180331
108470,188693
108481,190155
108489,193320
108500,192896
108509,192537
108520,192891
108530,193333
108539,193756
108549,194353
108560,194806
108570,194953
108579,194811
108590,194421
108599,193949
108610,193296
108619,192475
108629,191501
108640,190573
108649,189868
108691,188683
108698,188569
108709,188762
108719,189108
108729,189382
108740,189319
108749,188912
108759,188186
108770,187516
108779,186785
108790,185662
108799,184273
108810,183032
108819,182457
108830,181846
108839,182382
108850,182002
108859,182051
108870,182560
108879,183443
108890,184497
108899,185611
108910,186603
108919,187465
108930,187468
108939,187339
108950,186963
108959,186874
108970,186358
108979,185982
109022,184248
109071,188802
109081,190351
109122,193120
109131,193050
109142,191832
109183,189982
109192,189154
109201,188299
109210,186619
109219,184681
109230,182911
109240,180489
109249,179187
109260,179405
109269,180941
109280,183895
109289,186609
109300,187965
109309,186793
109320,186751
109329,187123
109340,186417
109349,185115
109360,183597
109369,181964
109380,180670
109389,179367
109400,178175
109409,177153
109420,175717
109429,174956
109440,175095
109449,176249
109491,187384
109501,191169
109509,192038
109520,193255
109529,192943
109540,190769
109549,187818
109559,187944
109570,189348
109579,189233
109590,188543
109599,186865
109610,184606
109619,183994
109630,184407
109640,186400
109649,189503
109660,191896
109669,192057
109679,190930
109690,191176
109699,191855
109710,192310
109756,192853
109760,190209
109812,179063
109851,178227
109854,192038
109859,187496
109902,192053
109910,191624
109961,193970
110001,194232
110005,186400
110010,193317
110020,192727
110029,192010
110039,191412
110049,190973
110059,190620
110069,190501
110079,190334
110089,190342
110099,190428
110109,190361
110119,190091
110129,189929
110139,189763
110149,189673
110160,189554
110169,189506
110179,189652
110191,189774
110200,189789
110211,189704
110220,189580
110231,189444
110240,189120
110251,188759
110293,193604
110301,188751
110312,188194
110320,187614
110330,186945
110341,186736
110350,186907
110360,187307
110371,187697
110380,187886
110391,188008
110400,188094
110411,187996
110421,187733
110430,186998
110441,185760
110450,184425
110461,183348
110470,182815
110481,182280
110490,181334
110501,180597
110510,179874
110553,191708
110561,192995
110610,194279
110650,190638
110661,187421
110705,181965
110711,182201
110721,183054
110730,184060
110740,185540
110751,185883
110760,185247
110770,184661
110781,184934
110790,184410
110801,182665
110810,180319
110821,177898
110830,176018
110841,174331
110850,172423
110860,171219
110871,171389
110880,172395
110891,173424
110900,174697
110910,175269
110920,178378
110930,181869
110940,183570
110950,184714
110961,185159
110970,187544
110980,189447
110990,188324
111000,185811
111010,184316
111020,183030
111030,181495
111040,179498
111050,177339
111093,171668
111100,171976
111111,173267
111151,178345
111161,179086
111171,178641
111180,178917
111190,179256
111201,179441
111210,179114
111220,177769
111230,175675
111240,174348
111250,174853
111291,176943
111300,177687
111310,178249
111320,178299
111330,178128
111341,178200
111350,178495
111362,179461
111371,180782
111380,181666
111390,182269
111401,181990
111440,182379
111445,171976
111450,182691
111461,183003
111506,181802
111511,181269
111561,176392
111603,181589
111610,183100
111620,185136
111630,185403
111640,184434
111651,183703
111660,183335
111670,183184
111680,182716
111690,182042
111700,181460
111710,181111
111720,180797
111730,180221
111740,179393
111750,178902
111761,179306
111770,178965
111780,178802
111790,178253
111800,177866
111810,178065
111820,178854
111830,179987
111840,180984
111850,181603
111894,180690
111901,180352
111910,180349
111920,180368
111930,180022
111940,179632
111950,179332
111960,179188
111970,178890
111980,178361
111990,177902
112001,177638
112011,177301
112021,176875
112031,176625
112040,176607
112050,176554
112060,176455
112111,177559
112122,179728
112172,181023
112181,179649
112221,179102
112233,178984
112242,178177
112251,177005
112261,176610
112271,176957
112315,178601
112323,183334
112331,183644
112341,184279
112351,181832
112361,178346
112371,178166
112381,179764
112391,182611
112401,185809
112411,189126
112421,189729
112432,188799
112441,187729
112451,186956
112461,186283
112471,185709
112481,185297
112491,185221
112501,185163
112511,185101
112521,185119
112531,185331
112541,185614
112551,185714
112561,185590
112571,185401
112581,185247
112591,184920
112601,184198
112611,182866
112621,180934
112631,179080
112641,177627
112651,176927
112691,179640
112701,181322
112711,181328
112722,180765
112731,180632
112783,188467
112794,188085
112836,186731
112844,185758
112851,184400
112903,179874
112913,179286
112921,178872
112931,177858
112941,176639
112951,176307
112962,177352
112971,179943
112981,182088
112991,182860
113002,183811
113011,185517
113021,185525
113031,185731
113041,185857
113051,185855
113094,185029
113102,184018
113112,183095
113122,182286
113132,181618
113141,180599
113152,179840
113161,179630
113171,179726
113181,180881
113191,181095
113201,179800
113211,178458
113221,177801
113231,177346
113241,176785
113251,176612
113261,177055
113271,177288
113281,177382
113291,177719
113301,178177
113311,178306
113321,177830
113331,177168
113341,177480
113352,178166
113361,178795
113371,179329
113381,179778
113391,180267
113402,180622
113411,180221
113465,180293
113472,179967
113515,181095
113557,181366
113573,183287
113616,182572
113624,181265
113663,186584
113673,186369
113721,180688
113731,180277
113741,180293
113751,180385
113762,179936
113771,179609
113781,179783
113791,180465
113801,181730
113811,183252
113821,184744
113831,185864
113841,187052
113851,187548
113903,187590
113911,187203
113922,187268
113931,187396
113941,187477
113951,187647
113962,187846
113972,188027
113982,188202
113992,188323
114002,188501
114012,188667
114022,188695
114032,188469
114042,188260
114052,188031
114062,187676
114072,187233
114082,186424
114092,185009
114102,183123
114112,181340
114122,179842
114132,178596
114142,177418
114152,176406
114163,175042
114172,173475
114182,171984
114192,171659
114203,171929
114212,172144
114262,173306
114273,173780
114313,170059
114322,173683
114366,177792
114412,183082
114422,182992
114432,184729
114442,187608
114452,189328
114462,190274
114472,190740
114482,190794
114492,190705
114502,190381
114512,189970
114522,189578
114532,189052
114542,188512
114552,187895
114563,187491
114572,187050
114582,186484
114592,186141
114602,186049
114612,186015
114622,185941
114632,185453
114642,184837
114652,183919
114694,177163
114703,177661
114712,178612
114722,179095
114732,180463
114742,182270
114752,184666
114762,186017
114772,185287
114782,183086
114792,181901
114802,182043
114812,182332
114822,182346
114832,181757
114842,180942
114852,180636
114862,180142
114872,179564
114882,178939
114892,178600
114902,176858
114946,178347
114953,180660
114965,181132
115005,186866
115047,186881
115053,186443
115094,177827
115133,170679
115143,169345
115152,169348
115162,170215
115172,171004
115182,171859
115192,172878
115202,173457
115212,173906
115222,174084
115232,173411
115243,172775
115253,172271
115263,172013
115273,171622
115282,170755
115292,169742
115302,169042
115312,170752
115323,175805
115333,177417
115343,178014
115353,177853
115362,178139
115372,179367
115382,181291
115392,182971
115403,184067
115412,184251
115422,184303
115432,184121
115443,183954
115453,183644
115495,182587
115502,182704
115514,183025
115522,183121
115532,183263
115542,183271
115553,183495
115562,183590
115573,183825
115583,183732
115593,184009
115634,185861
115642,186070
115653,186658
115662,187012
115673,187531
115683,187966
115692,188113
115703,188441
115713,188539
115723,188805
115732,189680
115785,182184
115823,185816
115834,186488
115876,186891
115885,186828
115893,185520
115904,184734
115913,184433
115924,183752
115933,183322
115943,183121
115953,183516
115963,183966
115973,184374
115983,185055
116032,188650
116043,189276
116053,190017
116063,190541
116074,191049
116083,191338
116093,191357
116103,191571
116113,191867
116123,192198
116133,192633
116143,193004
116153,193215
116164,193365
116173,193480
116183,193491
116193,193393
116203,193300
116213,193190
116223,192997
116233,192906
116243,192879
116253,192954
116297,193199
116303,193262
116314,193211
116323,193139
116333,193014
116343,192941
116353,192930
116364,192926
116374,193033
116384,193125
116434,193665
116479,194070
116484,193866
116524,193745
116527,193491
116534,192875
116545,192351
116553,191496
116563,190176
116573,189654
116583,189451
116593,188988
116603,188170
116613,187210
116623,186445
116633,186075
116644,185993
116654,185994
116698,186005
116703,186111
116713,186008
116723,185980
116733,186052
116743,186152
116753,186171
116764,186370
116774,186664
116784,187075
116794,187662
116803,188236
116813,188842
116823,189450
116833,190022
116844,190422
116854,190439
116864,190217
116874,189964
116883,189703
116893,189631
116903,189593
116913,189522
116924,189538
116934,189321
116943,188949
116953,188811
116964,189090
116974,189131
116984,189546
116994,189514
117003,189056
117013,188550
117023,187984
117033,187566
117044,187443
117116,188343
117120,186664
117125,188416
117174,189207
117183,189325
117228,189322
117238,189744
117244,189871
117294,189614
117303,189541
117313,189440
117324,189527
117333,189239
117343,189090
117353,188971
117364,189071
117374,189034
117384,189031
117394,189109
117403,189110
117414,189439
117424,189629
117434,189856
117443,190214
117454,190943
117495,186876
117505,186691
117514,187031
117524,188996
117534,190515
117544,191861
117554,192947
117563,193193
117574,193085
117584,192509
117594,192026
117603,191959
117614,192398
117624,192176
117634,191889
117643,191165
117654,190485
117664,189732
117674,189183
117683,188996
117694,188947
117704,188490
117714,188391
117723,187903
117734,187572
117744,187367
117754,187302
117763,187140
117775,186935
117785,186616
117834,184698
117885,182317
117895,181778
117975,176911
117985,176521
118029,175240
118034,175252
118044,175191
118054,175183
118064,175161
118074,175150
118085,175094
118095,175023
118105,175126
118115,175300
118124,175502
118134,176257
118144,176686
118154,177437
118165,178026
118174,178694
118184,179413
118194,180188
118204,181025
118214,181798
118224,182551
118234,183316
118245,184286
118254,185502
118305,190822
118314,190847
118324,190690
118334,190495
118345,190197
118354,190057
118365,190002
118375,189863
118385,189893
118395,190014
118404,190172
118414,190284
118424,190586
118434,190953
118445,191033
118455,191208
118465,191411
118475,191624
118484,191848
118495,191864
118505,191756
118515,191649
118524,191580
118535,191395
118578,191224
118586,191364
118626,191553
118674,191352
118685,191185
118729,190916
118734,191039
118744,190946
118755,190905
118765,190875
118774,190839
118784,190765
118794,190694
118805,190690
118815,190758
118825,190910
118835,190980
118845,190935
118855,190912
118865,190975
118875,190973
118884,190979
118895,190944
118905,190868
118915,190826
118924,190766
118935,190828
118945,190853
118955,190850
118964,190855
118975,190886
118985,190877
118995,190793
119005,190748
119015,190801
119025,190815
119035,190841
119044,190897
119055,191003
119099,191344
119105,191455
119114,191360
119124,191406
119134,191337
119145,191361
119155,191257
119164,191108
119175,191175
119216,190850
119224,190827
119267,190853
119275,190468
119316,190619
119324,190429
119335,190389
119345,190401
119355,190266
119364,190119
119374,190000
119385,189877
119395,189721
119404,189411
119415,189316
119425,189097
119434,188762
119445,188513
119455,188194
119505,185749
119514,185205
119524,184578
119534,184082
119544,183602
119554,183188
119564,182750
119574,182471
119584,182177
119594,181958
119604,181776
119614,181670
119624,181530
119634,181436
119644,181370
119656,181295
119666,181203
119676,181163
119685,181061
119696,180978
119706,180931
119716,180885
119725,180831
119736,180755
119746,180673
119756,180571
119765,180492
119775,180431
119786,180419
119796,180362
119805,180289
119816,180256
119865,179999
119907,179993
119916,179645
119925,179536
119935,179565
119946,179630
119955,179749
119965,179804
119975,179935
119985,180077
119995,180336
120007,180616
120055,182454
120065,182937
120076,183255
120085,183930
120096,184547
120105,184599
120116,183781
120127,182670
120136,181596
120145,180697
120157,180102
120196,179066
120206,178663
120257,178532
120265,178499
120275,178721
120286,178799
120295,178929
120306,179106
120316,179023
120325,179205
120336,179273
120346,180856
120355,182911
120366,185059
120376,186512
120386,187249
120437,187312
120447,186924
120456,186402
120466,185913
120476,185512
120485,185220
120496,185195
120506,185466
120516,185743
120525,186010
120536,186136
120546,186143
120556,186225
120565,186478
120575,186819
120585,187041
120595,187114
120606,187127
120616,187134
120626,187030
120636,186732
120645,186185
120655,185292
120705,178194
120716,179338
120725,181757
120735,181698
120745,181363
120755,181528
120765,182512
120810,187245
120817,186640
120867,185582
120876,185657
120928,189179
120936,190260
120978,191687
120985,191710
120995,192575
121005,193872
121015,194969
121025,195532
121035,195012
121045,194038
121055,193325
121065,192537
121075,192140
121120,192416
121127,192816
121136,192524
121145,192191
121155,191993
121165,191788
121175,191842
121185,191802
121195,191599
121205,191102
121215,190546
121225,190255
121235,189914
121245,189569
121255,189297
121265,189057
121275,188835
121285,188628
121295,188544
121305,188525
121315,188525
121325,188415
121335,188341
121345,188157
121355,187835
121365,187580
121375,187317
121385,187135
121395,187109
121405,187154
121415,187194
121425,187181
121435,187099
121447,186956
121457,186833
121496,186473
121539,190546
121546,186576
121558,186682
121566,186648
121609,188628
121617,186919
121627,187011
121670,187414
121716,186640
121726,186423
121736,186262
121746,186183
121756,185948
121766,185912
121776,185600
121786,185387
121796,185227
121806,185118
121816,185224
121826,185577
121836,185847
121846,185803
121856,185572
121900,185200
121907,185484
121916,185720
121926,185979
121936,186278
121946,186549
121956,186745
121966,186955
121976,187124
121986,186990
121996,186806
122006,186582
122016,186652
122026,186702
122036,186821
122046,187041
122056,187230
122066,187480
122076,187715
122086,187869
122096,187988
122106,187972
122116,188246
122126,188580
122136,188993
122146,189172
122156,189178
122166,188850
122176,188495
122186,188224
122196,188076
122206,187989
122258,188610
122300,188737
122309,188488
122318,188431
122363,188888
122368,189068
122417,189433
122426,189489
122436,189439
122446,189395
122456,189344
122466,189277
122476,189183
122486,189094
122496,189094
122506,189107
122516,188865
122526,187757
122536,186830
122546,186226
122556,185830
122566,185383
122576,184967
122586,184243
122596,182810
122606,181255
122616,180223
122626,179495
122636,178925
122646,178410
122656,177894
122700,189235
122707,176773
122716,176624
122726,176781
122736,177164
122746,177454
122756,177838
122766,178667
122776,179931
122786,181397
122797,182872
122806,183696
122817,184826
122826,185302
122837,186148
122846,186960
122857,188345
122866,189275
122877,190879
122886,192558
122897,193915
122906,193994
122917,193622
122958,190694
122967,190273
122978,190141
123017,188554
123059,187259
123066,187184
123107,186434
123149,186355
123156,186290
123167,186393
123176,186252
123187,186126
123197,186138
123207,186308
123217,186555
123227,186840
123237,187216
123247,187631
123257,188056
123267,188400
123277,188565
123287,188642
123297,188674
123307,188797
123317,188961
123327,189207
123337,189401
123347,189577
123357,189728
123367,189714
123377,189766
123387,189732
123397,189506
123407,189337
123417,189162
123427,188926
123437,188810
123447,188696
123457,188356
123503,184045
123507,182201
123518,180456
123527,178773
123537,177865
123547,177984
123557,178537
123567,178837
123577,179361
123587,179146
123597,179083
123607,179112
123617,178995
123627,180016
123637,182852
123647,185254
123690,191743
123731,189337
123737,196078
123782,198213
123788,198799
123797,199336
123807,199880
123817,200405
123827,200901
123837,201339
123847,201740
123857,202090
123867,202500
123877,202955
123887,203305
123938,204888
123947,205051
123957,205188
123967,205241
123978,205258
123988,205319
123997,205509
124007,205524
124018,205570
124027,205571
124037,205598
124047,205586
124058,205513
124067,205515
124077,205524
124087,205508
124098,205452
124107,205440
124117,205416
124127,205411
124138,205367
124147,205363
124157,205321
124167,205286
124178,205287
124187,205278
124197,205264
124207,205208
124218,205245
124227,205255
124237,205254
124248,205244
124257,205205
124303,204795
124339,204147
124348,203806
124358,203405
124367,202918
124377,202362
124388,201819
124397,201049
124408,200252
124418,199568
124427,198608
124477,193659
124487,193646
124498,194286
124508,195389
124519,196680
124527,197705
124538,198384
124548,198610
124558,198529
124568,198155
124580,197757
124589,197484
124630,198070
124638,198038
124680,198317
124691,198515
124698,198319
124707,198190
124717,198112
124727,198127
124738,198242
124747,198089
124757,198087
124767,198043
124778,198088
124823,198100
124827,197962
124837,197960
124848,198023
124857,197896
124868,198066
124877,197985
124887,197999
124898,198128
124908,198137
124917,198089
124927,198088
124937,198143
124947,198135
124958,198244
124968,198293
124977,198299
124988,198394
124997,198366
125007,198243
125018,198357
125027,198303
125038,198365
125048,198379
125057,198377
125106,198211
125110,198228
125118,198195
125128,198277
125139,198250
125148,198249
125159,198251
125169,198210
125178,198161
125189,198029
125198,197831
125210,197690
125249,196295
125286,195594
125299,191041
125310,190019
125347,188693
125389,189359
125400,189258
125437,189028
125442,198211
125449,187712
125458,187471
125468,187258
125479,187055
125488,186806
125498,186575
125541,185818
125548,185733
125558,185605
125568,185690
125579,185708
125588,185792
125599,185931
125609,186048
125618,186075
125629,186100
125638,186002
125648,185892
125659,185854
125668,185744
125679,185763
125688,185737
125699,185867
125708,185944
125719,185962
125728,185992
125739,186076
125748,185094
125759,184038
125768,183346
125778,182988
125789,182811
125798,182970
125809,183091
125818,183241
125829,183083
125838,183047
125849,182883
125858,182856
125903,182826
125910,182978
125919,182968
125928,182779
125939,182620
125990,181923
125998,181832
126044,181620
126090,181388
126098,181450
126108,181437
126119,181564
126128,181567
126138,181583
126149,181676
126159,181684
126168,181689
126178,181692
126189,181794
126198,181761
126209,181872
126218,181831
126229,181991
126238,181965
126249,182085
126298,182052
126310,182214
126318,182273
126328,182349
126338,182416
126348,182425
126358,182526
126368,182508
126379,182670
126388,182675
126398,182745
126408,182882
126418,182982
126429,183126
126438,183152
126449,183249
126458,183210
126468,183281
126479,183443
126488,183414
126499,183583
126508,183567
126518,183686
126528,183768
126538,183913
126549,184114
126558,184077
126568,184148
126579,184380
126588,184372
126639,184574
126684,184700
126730,185171
126740,185396
126791,185972
126799,185947
126808,186002
126819,186084
126828,185991
126838,186095
126848,186087
126858,186199
126869,186222
126878,186215
126888,186231
126899,186297
126908,186259
126918,186253
126928,186268
126939,186310
126948,186319
126959,186433
126969,186468
126978,186486
126989,186564
126999,186636
127009,186702
127018,186790
127029,186825
127039,186819
127050,186854
127059,186884
127111,187092
127120,187086
127130,187212
127139,187258
127150,187300
127159,187385
127170,187464
127179,187555
127190,187623
127199,187686
127210,187806
127219,187863
127229,187991
127239,188056
127249,188169
127260,188210
127269,188301
127279,188367
127289,188443
127340,188502
127349,188336
127401,187982
127450,187659
127460,187629
127502,187527
127511,187528
127519,187592
127529,187595
127539,187599
127549,187642
127559,187625
127570,187668
127579,187700
127589,187722
127599,187755
127609,187765
127620,187787
127629,187771
127639,187775
127649,187810
127660,187837
127669,187787
127679,187791
127689,187815
127700,187862
127709,187822
127719,187845
127729,187836
127740,187875
127749,187915
127759,187869
127769,187915
127780,187950
127789,187997
127799,188091
127809,188059
127820,188122
127829,188198
127839,188264
127849,188213
127901,188499
127910,188374
127919,188553
127930,188600
127939,188644
127949,188637
127960,188740
128005,188701
128009,188814
128020,188874
128063,187875
128071,188811
128114,188539
128120,188207
128129,188326
128139,188154
128150,188143
128159,188033
128169,187908
128180,187972
128189,187901
128199,187840
128210,187886
128219,187886
128229,187846
128239,187907
128249,187871
128294,187867
128301,187964
128310,187930
128320,187987
128329,187899
128340,188022
128349,187954
128360,188000
128369,187929
128379,187917
128389,187866
128399,187950
128409,187902
128419,187875
128429,187865
128439,187974
128449,187919
128460,187918
128469,187858
128479,187864
128489,187934
128499,187918
128510,188102
128519,188042
128529,188016
128540,188154
128549,188111
128560,188292
128569,188180
128579,188258
128589,188239
128599,188281
128609,188413
128620,188525
128629,188430
128674,188443
128681,188659
128722,188688
128731,188917
128739,188727
128749,188799
128760,188925
128770,188966
128779,188834
128790,188936
128800,188752
128809,188693
128819,188620
128861,188291
128869,188286
128879,188232
128890,188354
128900,188358
128911,188412
128919,188336
128930,188449
128939,188457
128949,188506
128961,188632
129013,188833
129022,188886
129064,188929
129067,188688
129071,189033
129112,189122
129120,189276
129165,189296
129170,188752
129173,189382
129221,189593
129230,189702
129239,189666
129251,189716
129260,189759
129270,189826
129280,189882
129290,189938
129300,190006
129311,190049
129321,190131
129330,190190
129340,190251
129351,190292
129361,190367
129370,190374
129380,190425
129390,190507
129400,190526
129411,190524
129420,190538
129430,190561
129440,190552
129450,190558
129501,190449
129512,190253
129520,190082
129530,189921
129541,189743
129550,189646
129560,189529
129570,189498
129581,189414
129590,189356
129600,189306
129610,189244
129620,189202
129630,189218
129640,189165
129650,189171
129660,189192
129671,189181
129721,189283
129734,189268
129776,189306
129821,189235
129825,190499
129830,189143
129840,189033
129850,189088
129861,189022
129870,189081
129880,189102
129931,189104
129941,189286
129950,189378
129961,189424
129970,189519
129980,189644
129990,189813
130001,189943
130010,190051
130020,190130
130030,190203
130040,190330
130050,190402
130060,190475
130071,190639
130080,190677
130090,190717
130101,190875
130111,190984
130120,191058
130130,191147
130141,191311
130150,191382
130160,191445
130170,191537
130180,191558
130190,191556
130200,191601
130210,191583
130220,191510
130231,191566
130240,191494
130250,191397
130303,191342
130311,191298
130321,191363
130330,191362
130374,191225
130383,191385
130392,191379
130436,191428
130472,191330
130482,191244
130491,191245
130501,191198
130510,191104
130521,191108
130530,191030
130540,190910
130551,191055
130560,190895
130570,190850
130580,190728
130590,190739
130600,190652
130610,190594
130621,190721
130630,190573
130641,190695
130650,190533
130695,190483
130703,190495
130711,190527
130720,190449
130730,190431
130741,190560
130750,190492
130760,190526
130770,190579
130781,190675
130790,190610
130801,190729
130810,190674
130820,190648
130831,190667
130840,190518
130850,190426
130861,190425
130870,190182
130881,190216
130890,189949
130900,189875
130911,189750
130920,189576
130930,189372
130941,189135
130950,188816
130960,188594
130970,188351
130980,188270
131031,187520
131042,187061
131084,186110
131125,185712
131133,185709
131182,185649
131226,185615
131237,185583
131243,185690
131252,185809
131261,186003
131272,186235
131281,186239
131292,186281
131301,186407
131312,186442
131321,186500
131331,186550
131342,186501
131351,186489
131362,186469
131371,186508
131382,186543
131391,186557
131401,186648
131412,186664
131421,186673
131432,186680
131441,186714
131451,186805
131496,186775
131502,186949
131512,186868
131521,186948
131531,187013
131542,187017
131551,187079
131561,187155
131571,187219
131582,187227
131591,187214
131601,187128
131612,187067
131621,186907
131631,186868
131642,186796
131651,186681
131661,186732
131671,186602
131681,186481
131691,186472
131702,186355
131711,186402
131721,186377
131732,186322
131741,186330
131832,186375
131842,186400
131886,186244
131892,186312
131902,186515
131912,186307
131921,186332
131931,186332
131942,186368
131951,186347
131962,186342
131971,186365
131982,186328
132022,186490
132032,186555
132043,186598
132051,186609
132062,186722
132071,186774
132082,186769
132091,186775
132101,186778
132111,186863
132121,186881
132131,186809
132142,186863
132151,186797
132161,186754
132171,186800
132181,186724
132191,186746
132201,186850
132211,186848
132222,187002
132231,186975
132241,186984
132251,186950
132294,186746
132302,186369
132312,186272
132321,186292
132332,186424
132341,186312
132351,186201
132362,186209
132371,186072
132381,186014
132391,186094
132401,186244
132441,186170
132487,186589
132493,186665
132504,186695
132547,187010
132552,187072
132602,187381
132611,187360
132622,187639
132631,187532
132642,187652
132652,187754
132694,187661
132704,188066
132713,187893
132723,188031
132731,187947
132742,188116
132751,188129
132761,188132
132772,188111
132781,188089
132791,188200
132802,188370
132811,188176
132821,188234
132831,188305
132842,188464
132851,188436
132862,188617
132871,188640
132882,188777
132891,188812
132902,188874
132911,188946
132922,189039
132931,189027
132942,189096
132951,189120
132961,189057
132972,189012
132983,188914
132992,188815
133002,188714
133013,188594
133022,188508
133032,188433
133042,188343
133053,188252
133101,188177
133152,188346
133162,188368
133173,188415
133183,188479
133193,188457
133202,188405
133212,188439
133223,188458
133232,188554
133242,188613
133282,188517
133292,188447
133303,188514
133311,188566
133322,188529
133333,188520
133342,188528
133352,188543
133363,188549
133373,188639
133382,188679
133397,188742
133403,188938
133453,189064
133498,189100
133552,189372
133596,189420
133600,188633
133606,189694
133613,189791
133624,189875
133633,189893
133642,189982
133653,189932
133662,189910
133673,189739
133682,189561
133693,189435
133702,189261
133713,189138
133722,189072
133733,188973
133742,188882
133753,188802
133762,188695
133773,188674
133782,188636
133793,188624
133802,188619
133813,188636
133822,188623
133833,188612
133842,188590
133853,188536
133904,188526
133914,188540
133923,188533
133932,188568
133943,188573
133952,188464
133963,188572
133973,188535
133982,188403
133993,188290
134003,188216
134012,188117
134023,188139
134032,188042
134043,188152
134096,188252
134104,188262
134145,188323
134193,189022
134203,189151
134212,189036
134222,189066
134233,189141
134242,189088
134253,189171
134262,189142
134273,189274
134282,189241
134293,189400
134344,189645
134354,189633
134364,189444
134372,189414
134383,189344
134392,189046
134402,188924
134413,188925
134422,188619
134433,188612
134442,188339
134453,188358
134462,188145
134473,188211
134483,188168
134492,188029
134503,188104
134512,187998
134523,188083
134532,187993
134543,188111
134552,187980
134562,187982
134572,188005
134583,188055
134592,187969
134603,188029
134612,187955
134623,188115
134632,188116
134643,188221
134652,188184
134697,188309
134705,188272
134713,188249
134754,188500
134764,188354
134814,188426
134823,188056
134865,188339
134873,188392
134884,188346
134893,188313
134904,188296
134913,188278
134923,188250
134934,188210
134943,188167
134953,188174
134963,188096
134974,188083
134983,187999
134993,187987
135004,187952
135013,187974
135024,187969
135033,187973
135044,187958
135053,187953
135098,187721
135104,187868
135116,187791
135124,187688
135133,187553
135143,187435
135154,187316
135163,187206
135174,187053
135183,186917
135193,186803
135204,186671
135213,186592
135224,186529
135233,186489
135244,186437
135253,186417
135264,186388
135273,186327
135284,186255
135293,186140
135304,186046
135313,185901
135324,185782
135333,185627
135344,185553
135353,185384
135363,185301
135374,185274
135417,184890
135424,184836
135434,184801
135475,184604
135485,184618
135526,184287
135535,184325
135545,184398
135595,184535
135604,184561
135613,184590
135623,184680
135633,184733
135644,184775
135653,184842
135663,184911
135673,184967
135684,185033
135693,185086
135704,185100
135713,185136
135724,185171
135733,185212
135744,185243
135753,185258
135763,185229
135774,185314
135783,185290
135793,185317
135804,185325
135813,185277
135824,185278
135833,185219
135843,185121
135853,185099
135905,184721
135913,184596
135925,184545
135933,184446
135943,184448
135953,184408
135963,184383
135973,184356
135984,184416
135993,184404
136003,184446
136013,184490
136023,184505
136033,184540
136043,184623
136053,184718
136063,184862
136073,185040
136083,185175
136093,185342
136103,185514
136154,186034
136164,186122
136207,186105
136219,186379
136225,186451
136277,186614
136287,186925
136359,184490
136365,187375
136375,187419
136384,187569
136393,187578
136403,187698
136414,187967
136423,187852
136433,187897
136443,187960
136453,188001
136463,188098
136473,188191
136483,188331
136493,188433
136503,188582
136513,188608
136523,188632
136533,188521
136543,188440
136553,188334
136564,188268
136573,188056
136583,187948
136593,187759
136603,187545
136613,187310
136623,187204
136633,187131
136645,187084
136654,187038
136695,186985
136704,186982
136714,186904
136724,186883
136735,186983
136744,186980
136755,186994
136764,186973
136775,186938
136784,186841
136795,186864
136805,186852
136814,186851
136825,186875
136834,186827
136844,186814
136855,186747
136864,186687
136875,186791
136927,186701
136936,186688
136988,186961
136997,186973
137085,187541
137094,187671
137135,188130
137146,188217
137156,188340
137164,188364
137174,188305
137184,188274
137195,188326
137204,188424
137214,188439
137224,188507
137234,188666
137244,188665
137254,188767
137264,188852
137274,188898
137284,188811
137294,188667
137304,188555
137314,188459
137324,188263
137334,188177
137344,188130
137354,188133
137364,187975
137374,188031
137384,188005
137394,187918
137404,187879
137414,187829
137424,187852
137434,187793
137444,187836
137454,187906
137506,188391
137515,188363
137524,188521
137534,188576
137544,188640
137554,188700
137565,188747
137575,188803
137585,188849
137594,188874
137605,188921
137615,188903
137657,188974
137664,189014
137674,189091
137685,189207
137695,189223
137705,189295
137715,189271
137725,189344
137734,189329
137744,189285
137755,189300
137795,189488
137807,189435
137817,189234
137907,189157
137914,189137
137924,189139
137934,189200
137944,189159
137954,189189
137964,189303
137974,189292
137984,189187
137994,189151
138038,189448
138045,189061
138056,188739
138065,188340
138074,188169
138085,188182
138094,188127
138104,188039
138114,188057
138124,188068
138134,187962
138144,187888
138154,187805
138164,187774
138174,187608
138184,187590
138194,187600
138204,187642
138214,187653
138224,187690
138234,187745
138245,187877
138254,187782
138264,187805
138305,188089
138315,188176
138325,188268
138335,188575
138344,188605
138354,188682
138364,188863
138374,188996
138385,189186
138394,189277
138405,189477
138455,190309
138466,190312
138507,190408
138556,190821
138606,191278
138616,191138
138625,191229
138635,191274
138645,191332
138655,191407
138665,191490
138675,191533
138685,191640
138695,191639
138705,191656
138756,191918
138765,192137
138775,191780
138785,191797
138795,191716
138805,191625
138815,191518
138825,191402
138835,191630
138845,190993
138855,190957
138865,191020
138875,191128
138885,191127
138895,191074
138905,191046
138915,191023
138925,191010
138935,190963
138945,190965
138955,191004
138966,190949
138975,190981
138985,191035
138995,191098
139005,191149
139015,191169
139025,191133
139035,191116
139045,191090
139055,191038
139107,190887
139117,190809
139167,190531
139216,190247
139227,190252
139268,189919
139278,189769
139285,189785
139295,189725
139305,189768
139315,189761
139325,189766
139335,189779
139345,189761
139355,189745
139366,189755
139375,189699
139385,189666
139395,189623
139405,189644
139415,189564
139425,189514
139435,189481
139445,189642
139455,189819
139499,189287
139507,189246
139517,189075
139527,188984
139536,188859
139545,188709
139555,188572
139566,188592
139575,188553
139585,188522
139595,188550
139605,188636
139615,188599
139625,188605
139635,188637
139645,188698
139655,188664
139665,188657
139675,188710
139685,188791
139695,188783
139705,188819
139715,188879
139725,189010
139735,189016
139745,189125
139755,189193
139766,189336
139775,189284
139825,189329
139867,189394
139875,189427
139928,189469
139937,189542
139979,189541
139991,189534
139997,189355
140007,189485
140015,189422
140025,189371
140035,189330
140045,189307
140055,189211
140065,189141
140075,189044
140085,188974
140095,188936
140105,188938
140115,188919
140125,188843
140135,188660
140145,188520
140155,188377
140166,188286
140175,188122
140185,188037
140195,187674
140205,187494
140215,187261
140225,187027
140235,186787
140246,186583
140256,186365
140307,185485
140318,185245
140326,185079
140337,185108
140345,185103
140356,185053
140366,185035
140376,185025
140386,184954
140396,184909
140406,184813
140416,184721
140426,184629
140436,184620
140446,184621
140456,184606
140466,184665
140476,184730
140486,184816
140496,184837
140506,184849
140551,184502
140556,184657
140596,184397
140609,184346
140615,184349
140659,184187
140669,184160
140710,184145
140748,184188
140756,184254
140767,184212
140776,184210
140788,184220
140796,184164
140806,184129
140816,184171
140826,184222
140836,184335
140846,184419
140856,184616
140866,184748
140876,184946
140886,185388
140896,185857
140906,186216
140916,186447
140926,186557
140936,186724
140946,186663
140956,186573
140967,186376
140976,186239
140986,186248
140996,186151
141006,185988
141016,186043
141026,185951
141036,185902
141046,185880
141056,185989
141107,186086
141119,185871
141127,185675
141137,185361
141146,184893
141156,184367
141166,183945
141176,183505
141186,183389
141196,183259
141206,183299
141251,183299
141256,183258
141299,182608
141309,182650
141348,185951
141385,182356
141396,181780
141406,181586
141416,181362
141426,181068
141436,180693
141446,180318
141489,180092
141498,183505
141509,181234
141517,181387
141526,181550
141536,181786
141546,181949
141556,182203
141566,182584
141576,182851
141586,183194
141596,183494
141607,183887
141617,184073
141627,184169
141636,184087
141647,184364
141657,184448
141667,184497
141676,184460
141687,184742
141697,184990
141706,185091
141716,185303
141727,185624
141737,185815
141747,185958
141756,186011
141767,186190
141777,186380
141787,186468
141796,186383
141806,186458
141816,186501
141826,186560
141836,186577
141847,186716
141857,186739
141902,186738
141909,186704
141954,186701
141967,186665
141976,186610
141987,186473
141998,186729
142007,186717
142017,186747
142026,186628
142036,186670
142047,186739
142057,186824
142067,186797
142077,186817
142116,186874
142127,186912
142137,186941
142147,186942
142156,186905
142167,186940
142176,186939
142187,186988
142196,186959
142208,186927
142217,186991
142267,186596
142310,186662
142321,186508
142326,186677
142337,186777
142347,186762
142357,186636
142408,186366
142419,186575
142458,186776
142467,186898
142478,186953
142487,187037
142497,187158
142507,187241
142517,187508
142528,187483
142538,187561
142548,187588
142558,187573
142568,187669
142578,187687
142588,187770
142598,187849
142607,187887
142617,188015
142627,188028
142637,188033
142648,188024
142658,188029
142709,188075
142717,188040
142727,188095
142737,188139
142747,188156
142757,188219
142768,188142
142778,188183
142788,188218
142798,188255
142807,188339
142817,188338
142858,188366
142861,187508
142869,188438
142878,188434
142920,188354
142928,188556
142978,188469
142988,188654
142997,188641
143007,188590
143017,188603
143027,188621
143037,188602
143048,188627
143058,188602
143067,188576
143077,188475
143088,188524
143139,188239
143147,188299
143157,188290
143168,188390
143178,188420
143187,188380
143197,188327
143208,188444
143218,188455
143228,188465
143238,188497
143247,188388
143257,188414
143267,188429
143277,188512
143288,188583
143298,188589
143308,188583
143318,188603
143327,188488
143337,188506
143347,188498
143357,188497
143368,188591
143378,188594
143388,188620
143398,188657
143408,188694
143418,188690
143428,188697
143438,188740
143447,188660
143457,188702
143532,188767
143536,188380
143541,188327
143549,188679
143558,188697
143602,188765
143608,188850
143618,188873
143662,188973
143671,188980
143677,188827
143687,188842
143698,188961
143708,188944
143717,188829
143727,188850
143738,188868
143748,188834
143757,188683
143767,188631
143778,188663
143788,188577
143798,188500
143807,188354
143818,188396
143828,188348
143838,188291
143847,188235
143858,188255
143899,188299
143907,188127
143917,188245
143928,188284
143938,188271
143948,188265
143958,188286
143969,188304
143979,188336
143989,188351
143998,188354
144008,188377
144018,188396
144028,188397
144038,188401
144049,188394
144059,188422
144068,188401
144078,188423
144089,188426
144099,188452
144108,188442
144118,188473
144129,188494
144139,188503
144149,188537
144158,188522
144168,188588
144221,188695
144230,188623
144273,188761
144280,188829
144322,188877
144331,188864
144379,189003
144389,189061
144399,189005
144440,188473
144448,188952
144459,188915
144469,188852
144478,188793
144489,188754
144499,188692
144509,188628
144518,188521
144529,188505
144539,188461
144549,188402
144558,188361
144568,188360
144579,188352
144588,188375
144599,188355
144608,188383
144619,188377
144629,188383
144639,188389
144649,188407
144698,188687
144708,188594
144719,188590
144728,188658
144739,188640
144749,188666
144758,188708
144768,188699
144779,188689
144789,188719
144798,188738
144808,188726
144819,188772
144829,188781
144838,188810
144849,188812
144859,188844
144869,188879
144878,188898
144889,188895
144899,188934
144909,188949
144918,188979
144929,189008
144939,189041
144980,189139
144990,188938
144998,189103
145049,189179
145090,189184
145093,188666
145098,189282
145175,189295
145189,189169
145198,189155
145209,189149
145219,189149
145229,189123
145238,189074
145249,189078
145259,189066
145269,189065
145278,189006
145289,189073
145299,189065
145309,189048
145318,188963
145329,189067
145339,189086
145349,189117
145358,189019
145368,188996
145379,189180
145389,189188
145398,189024
145408,189053
145418,189056
145428,189072
145438,189069
145449,189179
145500,189157
145508,189099
145518,189091
145528,189120
145538,189087
145548,189104
145558,189107
145568,189131
145578,189120
145588,189144
145598,189143
145608,189177
145618,189151
145628,189171
145638,189202
145648,189226
145658,189223
145668,189265
145678,189298
145688,189343
145740,189366
145751,189362
145790,189372
145835,189454
145838,189407
145881,189327
145923,189379
145927,189120
145930,189364
145940,189357
145949,189255
145960,189256
145970,189247
145980,189239
145990,189271
145999,189239
146010,189249
146020,189256
146030,189228
146039,189238
146050,189238
146060,189215
146070,189226
146080,189253
146090,189242
146100,189256
146110,189239
146119,189214
146130,189235
146140,189207
146150,189212
146159,189235
146169,189232
146180,189239
146190,189225
146199,189232
146209,189231
146220,189232
146230,189228
146239,189250
146250,189216
146300,189248
146310,189242
146320,189235
146329,189251
146339,189259
146350,189236
146360,189268
146371,189254
146379,189267
146390,189256
146399,189261
146449,189251
146460,189158
146470,189256
146479,189262
146489,189340
146500,189179
146511,189178
146519,189276
146530,189203
146541,189135
146549,189233
146561,189186
146610,189181
146652,189129
146702,189102
146711,189145
146719,189149
146729,189132
146739,189145
146749,189156
146760,189188
146802,189262
146811,189019
146821,189145
146829,189117
146839,189121
146849,189110
146859,189125
146869,189119
146879,189128
146889,189115
146899,189088
146909,189088
146919,189070
146929,189076
146939,189097
146949,189080
146959,189054
146969,189065
146979,189061
146989,189059
146999,189102
147009,189077
147019,189086
147029,189072
147039,189075
147049,189079
147100,189025
147109,189008
147119,189071
147129,189064
147139,189076
147149,189069
147159,189051
147169,189057
147179,189038
147189,189039
147199,189046
147209,189035
147252,189069
147293,188955
147302,188989
147310,188942
147359,188842
147371,189024
147379,188904
147389,188926
147399,188886
147409,188851
147419,188848
147429,188860
147439,188859
147449,188878
147459,188875
147510,188764
147520,188989
147529,188916
147539,188921
147549,188924
147560,188939
147570,188925
147580,188897
147590,188938
147601,188921
147610,188907
147620,188903
147630,188906
147640,188921
147650,188915
147660,188933
147670,188910
147680,188930
147690,188941
147700,188918
147710,188914
147720,188916
147730,188889
147740,188880
147750,188884
147760,188933
147770,188908
147780,188902
147790,188880
147800,188915
147810,188890
147820,188908
147830,188907
147840,188911
147850,188884
147933,188899
147940,188855
147994,188859
148001,188858
148053,188818
148061,188906
148100,188785
148110,188762
148120,188731
148130,188729
148140,188702
148150,188706
148160,188658
148170,188697
148180,188707
148190,188673
148200,188704
148210,188664
148220,188674
148230,188697
148240,188660
148250,188701
148293,188751
148301,188735
148310,188754
148320,188704
148330,188735
148340,188735
148350,188729
148360,188746
148370,188724
148380,188707
148390,188731
148400,188736
148410,188720
148420,188730
148430,188735
148440,188713
148450,188727
148460,188706
148470,188709
148480,188716
148490,188717
148500,188714
148510,188731
148520,188703
148530,188738
148540,188725
148550,188726
148560,188694
148571,188740
148580,188697
148590,188718
148641,188687
148683,188678
148690,188593
148700,188398
148781,188587
148822,188574
148830,188489
148840,188556
148850,188571
148861,188615
148870,188543
148881,188608
148890,188548
148901,188621
148910,188557
148920,188536
148931,188579
148940,188516
148951,188629
148960,188440
148970,188435
148981,188621
148990,188488
149000,188504
149010,188472
149021,188627
149030,188461
149040,188465
149050,188503
149101,188458
149110,188489
149120,188472
149131,188603
149141,188616
149150,188487
149160,188480
149171,188593
149180,188494
149191,188604
149200,188519
149211,188607
149220,188570
149231,188673
149240,188609
149251,188633
149260,188559
149271,188626
149280,188609
149291,188644
149300,188636
149311,188641
149320,188646
149359,188667
149373,188682
149421,188656
149463,188616
149503,188464
149511,188573
149521,188608
149531,188610
149541,188598
149551,188609
149561,188558
149571,188570
149581,188591
149591,188550
149601,188569
149611,188574
149621,188568
149631,188543
149641,188559
149651,188552
149661,188583
149671,188573
149681,188591
149691,188564
149701,188549
149711,188560
149721,188547
149731,188534
149741,188561
149751,188546
149762,188541
149771,188525
149782,188556
149791,188531
149801,188570
149811,188567
149822,188537
149831,188570
149841,188565
149852,188565
149895,188593
149903,188604
149912,188623
149921,188653
149932,188658
149941,188627
149951,188679
149961,188627
150002,188716
150012,188669
150056,188596
150094,188756
150098,188546
150104,188655
150112,188692
150121,188613
150132,188612
150141,188622
150151,188594
150161,188569
150172,188571
150181,188583
150191,188590
150201,188594
150212,188576
150221,188581
150232,188578
150241,188595
150252,188576
150296,188459
150302,188588
150311,188513
150322,188576
150331,188587
150342,188580
150351,188563
150361,188569
150372,188589
150381,188541
150392,188577
150401,188558
150411,188486
150422,188570
150431,188554
150441,188541
150452,188594
150461,188540
150472,188569
150481,188542
150492,188569
150501,188478
150511,188524
150521,188534
150532,188612
150541,188510
150551,188538
150561,188511
150572,188633
150581,188536
150591,188543
150601,188563
150612,188651
150657,188537
150663,188571
150671,188512
150682,188518
150692,188667
150701,188523
150712,188527
150723,188676
150733,188663
150743,188669
150751,188531
150762,188691
150772,188699
150781,188553
150832,188630
150841,188489
150853,188608
150862,188617
150872,188557
150881,188439
150891,188416
150902,188628
150912,188619
150956,188534
150966,188574
151004,188447
151009,188571
151012,188593
151022,188387
151064,188460
151067,188523
151074,188664
151084,188524
151091,188471
151102,188517
151112,188534
151122,188524
151131,188522
151142,188541
151151,188539
151161,188537
151206,188454
151212,188540
151222,188554
151233,188539
151242,188551
151253,188549
151262,188536
151273,188563
151282,188554
151293,188577
151302,188572
151313,188590
151322,188575
151333,188591
151342,188559
151353,188587
151362,188553
151372,188601
151383,188602
151392,188626
151402,188579
151413,188609
151422,188632
151433,188636
151442,188631
151453,188609
151502,188651
151512,188528
151523,188592
151532,188559
151543,188574
151552,188566
151562,188520
151573,188531
151582,188516
151633,188394
151643,188604
151686,188400
151693,188529
151703,188525
151743,188548
151754,188481
151763,188551
151772,188466
151783,188510
151792,188568
151802,188492
151812,188506
151823,188460
151832,188549
151842,188511
151853,188488
151862,188546
151905,188502
151913,188539
151923,188470
151932,188573
151942,188487
151953,188572
151962,188508
151973,188545
151982,188525
151993,188550
152002,188486
152013,188536
152022,188557
152032,188567
152042,188617
152052,188586
152063,188612
152072,188549
152082,188592
152092,188557
152103,188595
152112,188555
152122,188630
152132,188605
152143,188642
152152,188573
152163,188644
152172,188629
152182,188630
152193,188659
152202,188642
152213,188661
152222,188641
152232,188581
152242,188617
152252,188597
152295,188545
152334,188461
152344,188534
152352,188467
152404,188418
152414,188497
152464,188535
152508,188574
152512,188644
152516,188463
152523,188577
152532,188489
152542,188522
152552,188435
152563,188619
152572,188476
152582,188528
152593,188630
152602,188543
152613,188603
152622,188468
152632,188534
152642,188499
152652,188552
152696,188467
152703,188666
152712,188532
152722,188559
152732,188526
152743,188623
152752,188475
152762,188459
152772,188498
152783,188621
152792,188568
152802,188565
152812,188615
152823,188674
152832,188642
152842,188589
152852,188622
152862,188565
152873,188612
152882,188622
152893,188657
152902,188547
152913,188678
152923,188669
152932,188655
152943,188637
152952,188621
152963,188608
152972,188605
152983,188572
152992,188596
153004,188594
153013,188570
153056,188478
153064,188500
153075,188480
153155,188432
153199,188504
153205,188459
153215,188525
153294,188532
153303,188395
153313,188493
153323,188505
153333,188505
153343,188526
153353,188530
153363,188532
153373,188540
153383,188542
153393,188553
153403,188553
153413,188578
153424,188546
153433,188574
153443,188560
153453,188570
153503,188555
153513,188637
153523,188609
153534,188614
153543,188538
153554,188591
153563,188523
153573,188542
153584,188577
153593,188563
153603,188559
153613,188518
153624,188538
153633,188586
153643,188558
153653,188489
153664,188520
153673,188615
153683,188576
153693,188457
153704,188477
153713,188560
153723,188536
153733,188420
153744,188454
153753,188475
153763,188421
153774,188400
153783,188426
153794,188407
153803,188366
153936,188554
153973,188529
153978,188586
153987,188388
153994,188528
154003,188503
154013,188502
154024,188556
154033,188554
154043,188551
154053,188543
154064,188581
154073,188580
154083,188577
154094,188607
154103,188584
154114,188607
154123,188547
154133,188508
154144,188625
154153,188565
154163,188554
154174,188639
154183,188585
154194,188671
154203,188576
154213,188534
154224,188663
154233,188604
154243,188584
154253,188576
154295,188609
154304,188551
154315,188645
154323,188546
154333,188525
154344,188684
154353,188546
154363,188519
154373,188541
154383,188433
154394,188579
154403,188478
154413,188372
154424,188452
154433,188312
154443,188285
154453,188266
154463,188219
154473,188225
154483,188218
154493,188216
154535,188277
154586,188257
154594,188297
154634,188422
154644,188433
154654,188404
154664,188417
154673,188361
154683,188416
154694,188425
154735,188460
154744,188492
154754,188453
154763,188461
154774,188448
154784,188454
154794,188494
154804,188496
154814,188526
154825,188568
154834,188560
154844,188565
154854,188606
154865,188560
154874,188579
154884,188561
154894,188578
154905,188596
154914,188595
154924,188587
154934,188629
154945,188627
154954,188648
154964,188640
154974,188631
154985,188614
154994,188637
155004,188622
155014,188627
155025,188615
155034,188624
155044,188592
155055,188572
155096,188486
155105,188410
155114,188380
155124,188296
155134,188258
155144,188296
155155,188195
155164,188179
155174,188242
155185,188159
155195,188151
155204,188133
155244,188224
155254,188171
155264,188189
155275,188198
155284,188185
155295,188248
155304,188252
155315,188281
155324,188290
155335,188290
155345,188289
155355,188272
155399,188294
155405,188331
155457,188354
155466,188190
155517,188349
155527,188434
155534,188488
155544,188470
155555,188467
155598,188564
155607,188476
155615,188579
155625,188602
155634,188606
155644,188623
155654,188633
155665,188715
155674,188716
155684,188705
155694,188672
155704,188669
155715,188731
155724,188696
155734,188649
155744,188672
155754,188646
155764,188611
155774,188522
155785,188566
155794,188483
155804,188340
155814,188332
155824,188240
155835,188287
155844,188180
155854,188072
155897,188116
155904,187884
155914,188023
155925,188182
155934,188108
155944,188107
155954,188109
155964,188106
155974,188096
155984,188052
155995,188223
156004,188191
156014,188165
156024,188252
156075,188247
156126,188254
156136,188248
156188,188427
156196,188281
156245,188504
156254,188426
156264,188471
156274,188438
156284,188466
156329,188621
156332,188052
156335,188718
156346,188712
156354,188598
156364,188621
156374,188651
156385,188720
156394,188666
156404,188659
156415,188754
156424,188653
156434,188661
156444,188568
156454,188553
156464,188518
156474,188487
156484,188467
156495,188430
156504,188341
156514,188314
156524,188247
156535,188232
156544,188143
156554,188109
156565,188051
156575,188034
156584,188059
156595,188060
156605,188066
156616,188093
156626,188105
156635,188120
156645,188122
156655,188136
156699,188651
156705,188236
156715,188204
156725,188259
156735,188272
156785,188315
156837,188340
156847,188330
156917,188403
156925,188463
156936,188455
156945,188462
156955,188525
156966,188535
156975,188534
156986,188585
156995,188582
157005,188611
157016,188615
157025,188651
157035,188644
157045,188664
157055,188693
157101,188595
157106,188733
157115,188701
157125,188712
157135,188700
157146,188664
157155,188651
157165,188625
157175,188613
157185,188573
157195,188457
157205,188347
157215,188241
157225,188223
157235,188083
157245,188037
157255,187962
157265,188050
157275,187970
157285,188022
157295,187987
157305,188106
157315,188028
157325,188047
157335,188033
157345,188123
157355,188048
157365,188052
157375,188169
157385,188140
157395,188235
157405,188283
157415,188250
157425,188364
157466,188294
157515,188313
157527,188354
157570,188393
157608,188539
157617,188408
157626,188396
157635,188472
157645,188467
157656,188564
157665,188562
157675,188544
157686,188620
157695,188629
157705,188584
157715,188648
157725,188685
157735,188613
157746,188733
157755,188711
157765,188687
157775,188714
157785,188648
157795,188709
157805,188727
157815,188680
157826,188760
157835,188691
157846,188719
157855,188623
157907,188215
157917,188233
157925,188087
157936,188164
157945,187976
157955,187996
157965,188018
157975,187947
157985,187940
157995,188037
158005,188055
158015,188002
158026,188158
158035,188016
158046,188213
158055,188094
158065,188060
158075,188183
158085,188157
158095,188154
158106,188327
158115,188232
158125,188220
158166,188233
158176,188171
158221,188195
158226,188268
158267,188361
158276,188297
158328,188454
158337,188483
158345,188500
158355,188534
158365,188476
158375,188531
158385,188593
158396,188629
158406,188631
158415,188644
158426,188634
158435,188629
158445,188648
158455,188704
158466,188718
158477,188753
158485,188770
158496,188766
158506,188772
158517,188772
158526,188760
158536,188734
158546,188696
158556,188670
158567,188616
158576,188553
158587,188497
158596,188397
158606,188339
158616,188227
158627,188139
158636,188089
158646,187997
158656,187959
158698,187944
158706,188030
158716,187984
158727,187967
158736,187963
158746,187983
158757,187980
158766,188015
158777,188021
158829,188217
158837,188191
158888,188135
158896,188078
158939,188203
158951,188189
158956,188216
158966,188210
158976,188260
158986,188243
158996,188285
159006,188308
159017,188315
159026,188297
159037,188360
159046,188342
159057,188406
159097,188513
159106,188533
159117,188519
159126,188534
159137,188443
159146,188524
159156,188582
159166,188551
159176,188621
159187,188586
159196,188653
159207,188620
159216,188711
159226,188677
159237,188632
159246,188645
159256,188589
159267,188508
159276,188485
159287,188358
159297,188317
159306,188229
159316,188150
159326,188074
159337,187964
159346,187926
159356,187872
159366,187795
159376,187740
159386,187733
159397,187778
159407,187786
159416,187802
159426,187758
159437,187855
159446,187828
159497,187762
159536,187896
159549,188210
159557,188081
159567,188046
159576,187931
159586,187927
159596,187898
159607,187978
159617,187990
159627,187992
159636,187950
159687,188116
159696,188008
159706,188020
159717,188161
159726,188069
159737,188227
159747,188219
159756,188180
159767,188286
159776,188232
159787,188201
159839,188337
159847,188284
159898,188439
159907,188443
159956,188414
159967,188446
159976,188281
159987,188368
160038,188361
160048,188388
160057,188469
160066,188376
160077,188500
160086,188442
160097,188608
160106,188550
160117,188697
160126,188576
160137,188797
160146,188661
160157,188752
160166,188712
160177,188865
160186,188931
160197,189105
160206,188946
160217,189059
160226,189004
160237,188872
160246,188672
160257,188972
160307,188424
160318,188452
160327,188379
160338,188446
160347,188540
160357,188667
160367,188765
160378,188773
160387,188676
160397,188471
160407,188298
160417,188196
160427,188107
160438,188026
160448,187895
160492,187164
160500,187251
160537,187245
160540,189105
160583,186691
160588,186058
160627,185203
160678,183569
160687,183554
160741,183508
160748,183776
160757,184045
160767,184373
160777,184719
160787,185104
160798,185512
160807,185903
160817,186342
160828,186807
160837,187141
160847,187441
160857,187691
160868,187748
160877,187985
160887,188378
160897,188880
160908,189407
160917,189792
160927,189992
160937,190043
160948,189825
160958,189667
160967,189470
160978,188971
160987,188503
160997,188052
161008,187665
161017,187550
161027,187316
161038,186775
161047,186553
161058,187088
161102,188793
161108,188749
161117,188620
161128,188300
161138,188091
161147,187747
161158,187475
161167,187214
161178,186742
161268,185373
161312,185696
161318,185706
161327,185713
161338,185776
161347,185692
161358,185598
161367,185398
161378,185182
161387,184825
161398,184541
161407,184192
161418,183939
161427,183575
161438,183289
161447,182909
161458,182723
161501,182228
161509,182017
161518,182060
161528,182267
161537,182394
161548,182634
161557,182756
161568,183084
161577,183306
161588,183753
161597,184025
161608,184464
161617,184762
161628,185314
161637,185556
161648,186001
161657,186120
161668,186508
161677,186460
161688,186577
161697,186294
161708,186280
161717,186023
161728,186061
161737,185928
161748,186047
161757,185938
161767,186022
161778,186199
161787,186249
161798,186453
161807,186336
161818,186350
161858,186035
161907,184140
161958,182421
161968,183944
162019,185251
162028,185796
162037,186365
162048,187101
162057,187364
162068,186652
162079,186187
162087,186059
162098,185893
162109,185449
162118,185056
162128,184440
162139,183894
162148,184254
162158,185362
162168,186508
162178,187492
162188,188105
162199,188768
162209,188292
162218,188057
162228,188173
162239,188279
162248,188102
162259,187536
162311,188633
162319,188418
162328,188570
162339,188086
162348,187171
162358,186170
162368,186179
162379,186695
162388,184572
162399,183570
162408,184302
162419,185071
162428,185339
162439,185237
162448,184813
162459,184190
162468,184036
162479,184733
162488,185423
162499,186098
162508,186464
162519,187356
162569,188240
162614,185275
162619,184648
162670,184898
162680,185117
162722,186546
162728,187613
162739,189109
162749,190265
162758,190918
162768,191450
162779,192133
162788,192838
162799,193522
162808,194710
162819,196018
162828,196888
162839,196737
162848,195926
162859,194356
162868,193460
162879,192583
162888,191954
162899,191212
162908,190659
162919,190142
162928,189566
162939,189053
162948,188686
162959,188559
162969,188539
162978,188239
162989,187209
162998,185627
163008,184246
163019,183277
163028,181685
163039,179993
163048,179765
163059,180441
163103,182240
163109,183299
163119,184724
163129,186626
163138,188796
163149,191218
163158,193149
163169,194049
163178,193849
163222,190203
163264,187283
163269,187436
163279,187863
163320,189481
163330,190616
163338,191608
163349,193351
163358,195342
163369,197707
163378,199105
163389,199854
163398,199914
163409,199369
163418,195680
163429,191339
163438,187596
163449,185241
163494,182780
163500,184790
163510,185622
163518,186643
163528,187076
163538,188359
163548,189610
163558,190793
163568,190746
163578,190323
163588,190542
163598,191101
163608,191901
163618,192403
163628,192543
163638,192453
163648,192257
163658,192082
163668,191802
163678,191547
163688,191358
163698,191259
163708,191087
163718,190822
163728,190567
163738,190339
163748,190075
163758,189930
163768,189727
163778,189402
163788,188992
163798,188694
163808,188341
163818,187910
163828,186804
163879,189849
163921,192654
163929,192966
163938,194525
163950,196650
163959,197910
163968,195932
163978,193247
163990,191118
163999,189083
164009,186982
164019,185186
164062,182974
164069,183742
164080,184560
164089,185561
164099,186361
164109,187182
164119,187937
164129,188365
164139,188821
164149,189006
164160,189110
164169,188966
164183,188678
164225,188244
164241,184049
164250,183653
164340,188358
164351,188806
164442,190512
164449,190630
164460,190729
164469,191113
164480,190685
164489,189793
164500,189283
164509,189117
164520,189593
164529,190319
164539,190900
164550,190976
164559,190754
164570,190760
164579,190725
164590,190771
164600,190718
164609,190661
164620,190754
164629,190983
164640,191229
164649,191338
164659,191442
164701,192477
164711,192762
164721,193146
164730,193374
164739,193767
164749,194093
164759,194589
164769,195142
164779,195639
164789,195982
164799,195714
164809,194645
164819,193778
164829,193291
164839,193069
164849,193013
164859,193025
164869,193098
164879,193138
164889,193127
164899,192875
164943,188020
164950,186889
165000,185318
165050,188510
165091,189029
165094,194093
165101,191066
165109,191468
165121,191695
165129,191477
165139,191170
165149,190786
165159,190297
165169,190024
165179,189892
165189,189760
165199,189621
165209,189460
165219,189129
165229,188648
165239,188036
165249,187385
165259,186700
165269,186124
165279,185526
165289,184780
165299,183926
165309,183405
165319,183059
165329,182321
165339,181515
165349,181484
165360,182568
165369,183809
165379,185119
165389,186183
165399,187092
165409,188230
165419,189514
165429,190557
165439,190862
165449,190976
165496,189206
165500,188808
165511,188704
165520,188333
165529,188714
165539,189095
165549,189857
165591,191852
165599,191489
165642,190319
165693,189381
165700,189068
165709,189097
165719,188495
165729,188167
165739,188447
165749,189197
165760,190198
165769,190769
165779,191351
165789,191913
165799,192705
165809,192440
165819,190464
165829,189746
165839,191928
165849,192876
165896,187307
165901,186112
165910,184986
165919,183781
165930,182767
165939,182429
165950,182798
165959,183595
165969,184714
165979,185956
165990,187194
166000,188359
166010,189984
166020,191067
166030,190512
166040,190213
166050,189978
166060,189414
166070,188736
166080,187816
166090,186705
166100,185562
166110,184304
166120,182967
166130,181901
166140,181301
166150,180949
166160,180929
166170,181015
166180,180567
166190,180636
166201,181165
166242,184118
166253,184548
166292,185419
166302,186873
166340,184396
166352,184595
166360,184723
166402,184910
166410,184482
166420,183826
166431,183650
166440,183904
166450,184193
166460,184448
166470,184906
166480,185382
166490,185870
166500,186482
166510,186975
166520,187357
166530,187730
166540,188427
166550,187892
166561,185916
166570,186141
166580,186883
166590,187750
166600,188945
166610,188007
166620,187119
166630,187460
166640,188053
166650,188667
166692,189417
166701,188298
166711,186735
166720,184960
166730,183486
166740,182804
166750,183184
166761,183211
166770,183251
166780,183575
166790,183947
166800,184728
166810,185731
166820,186845
166830,187718
166840,188651
166850,189456
166860,189724
166870,190034
166880,189853
166890,189700
166900,189535
166910,189387
166960,184948
166970,183767
167012,182767
167020,183076
167066,183203
167071,183996
167122,186464
167132,186729
167141,186918
167150,187267
167160,187590
167170,187945
167180,188011
167190,188035
167200,188167
167210,188247
167220,188455
167230,188658
167240,188796
167250,188648
167260,188592
167270,188630
167280,188699
167290,188527
167300,188381
167310,188292
167320,188257
167330,188066
167340,187980
167350,187975
167361,188113
167370,188066
167380,188065
167390,188137
167400,188022
167410,187861
167420,187874
167430,187978
167440,188096
167450,188002
167500,187383
167511,187086
167521,186817
167531,186691
167540,186352
167550,186048
167560,185733
167570,185289
167580,184779
167590,184182
167600,183870
167610,183954
167620,184446
167630,184996
167681,186511
167693,187357
167742,196121
167752,198260
167803,189964
167812,188423
167851,185834
167902,187835
167914,189023
167922,190010
167930,190687
167940,192141
167950,192883
167961,193958
167971,194713
167981,195061
167991,195043
168001,194793
168011,194512
168021,194067
168031,193325
168041,192578
168051,192105
168061,191954
168071,191912
168081,191856
168091,191775
168101,191724
168111,191697
168121,191718
168132,191689
168141,191496
168151,191322
168161,191132
168171,190921
168181,190756
168191,190557
168201,190408
168211,190330
168221,190214
168231,190130
168241,190015
168251,190009
168296,190727
168303,191057
168313,191391
168322,191757
168332,192162
168341,192689
168351,192977
168361,193339
168371,193704
168382,194014
168393,194178
168402,194365
168443,195388
168451,195592
168463,195695
168471,195784
168482,195745
168492,195792
168502,195927
168511,195994
168523,195974
168531,195975
168576,195700
168587,193449
168594,192723
168600,191969
168613,191142
168656,188645
168662,188656
168712,188693
168754,188504
168761,188058
168771,187233
168781,186480
168791,185994
168801,186052
168852,187872
168863,188405
168873,189130
168881,189981
168891,190254
168901,190100
168911,190458
168921,191446
168931,192174
168941,191141
168951,189521
168962,188134
168971,187039
168981,186527
168991,185904
169001,185050
169011,184258
169021,183971
169031,184449
169041,185435
169051,186350
169061,187149
169071,187835
169121,189640
169131,190021
169142,190552
169151,191044
169161,191415
169171,191510
169181,191290
169192,190760
169201,190073
169211,189473
169221,188882
169231,188048
169241,187185
169251,186261
169296,182763
169303,183342
169344,184968
169348,185050
169353,191169
169395,192880
169402,192224
169442,194121
169451,192927
169503,186526
169514,184691
169523,183106
169531,181323
169542,179894
169551,178886
169562,178659
169571,179077
169581,180247
169591,181629
169602,182703
169612,183272
169622,183420
169631,183587
169642,184442
169652,185117
169662,185845
169671,186253
169682,186396
169692,185975
169701,185116
169711,183800
169722,182238
169732,180610
169742,179450
169751,178703
169762,178307
169772,178337
169782,179028
169791,180249
169802,181481
169812,182396
169822,183063
169832,183443
169841,183743
169851,183928
169897,184692
169903,185159
169912,185527
169922,186038
169932,186668
169942,187192
169952,187597
169997,186991
170043,184977
170093,183995
170102,183924
170112,183936
170122,183967
170132,184006
170142,184052
170152,184100
170163,184210
170172,184305
170182,184335
170192,184268
170202,184203
170212,184168
170222,184112
170232,184103
170242,184057
170252,184051
170303,183295
170312,182689
170324,182104
170333,181551
170342,181166
170352,180834
170362,180629
170372,180433
170382,180207
170392,179822
170402,179437
170412,179106
170422,178948
170432,178793
170442,178792
170452,178929
170462,179072
170472,179204
170482,179481
170492,179737
170502,179942
170512,180068
170522,180141
170532,180345
170542,180433
170552,180483
170563,180530
170573,180558
170582,180582
170592,180487
170643,180654
170684,182323
170693,182202
170734,180954
170742,180532
170754,180077
170794,179820
170803,179673
170812,179798
170823,179931
170832,180007
170842,180075
170852,180139
170862,180143
170872,180193
170883,180175
170893,180101
170903,180008
170912,179992
170923,180007
170933,179955
170943,179936
170953,179913
170962,179848
170972,179774
170982,179719
170992,179578
171002,179429
171012,179312
171022,179209
171032,179208
171043,179223
171053,179191
171096,179054
171103,179239
171113,179188
171124,179093
171132,179161
171142,179054
171152,179031
171162,179016
171172,179004
171182,179048
171192,179153
171202,179172
171212,179100
171222,179123
171232,179188
171243,179406
171253,179473
171263,179434
171273,179434
171282,179336
171292,179370
171302,179375
171312,179424
171323,179611
171364,179915
171412,180604
171423,180789
171472,181442
171484,181867
171555,183315
171560,179100
171566,183243
171574,183134
171584,183012
171592,182868
171602,182669
171612,182598
171622,182712
171633,182954
171643,183470
171653,184033
171663,184568
171673,185115
171683,185706
171693,186265
171703,186739
171713,187045
171723,187235
171733,187226
171743,187045
171753,186822
171764,186749
171774,186751
171784,186850
171794,186923
171804,186986
171814,186872
171824,186599
171834,186063
171843,184950
171853,183736
171905,181852
171914,181790
171925,182127
171933,183211
171944,184676
171954,186062
171964,187069
171974,187732
171984,188085
171994,188356
172003,188513
172013,188751
172023,188955
172065,190224
172107,190800
172117,191979
172123,191958
172213,189315
172224,189277
172233,189500
172244,189562
172254,189719
172264,189899
172274,190043
172283,190215
172293,190197
172303,190148
172313,189985
172365,189399
172373,189330
172385,189306
172393,189342
172403,189348
172413,189428
172424,189533
172434,189499
172443,189383
172453,189214
172463,189080
172473,188945
172484,188911
172494,188902
172504,188917
172514,188902
172523,188881
172533,188856
172543,188855
172553,188850
172564,188930
172574,188933
172584,188890
172594,188841
172603,188710
172613,188713
172623,188784
172633,188871
172644,189126
172654,189217
172706,188174
172714,187622
172724,187067
172733,186294
172743,185335
172754,184231
172763,183291
172774,181881
172784,180969
172793,180326
172803,180198
172814,179942
172855,181555
172864,182303
172874,183013
172883,183462
172894,183869
172904,184039
172914,184009
172924,184186
172934,184899
172944,185499
172954,186423
172963,186920
173008,186687
173016,185750
173024,184413
173066,178854
173116,177358
173124,178131
173133,178538
173144,179118
173154,179321
173194,179321
173203,179789
173214,180225
173254,183068
173263,183685
173274,184211
173284,184364
173295,184243
173303,183686
173314,183062
173323,182264
173333,181448
173344,180768
173354,180087
173363,179367
173373,178673
173384,177927
173394,177113
173403,176450
173414,175872
173424,175389
173434,175395
173445,175516
173455,175908
173505,177341
173514,177101
173524,176928
173534,176883
173544,177245
173554,177989
173564,179042
173574,180459
173584,181904
173594,183196
173605,184007
173615,184400
173665,181594
173674,180647
173724,178027
173774,176613
173784,176169
173795,175274
173804,174396
173814,173742
173824,173558
173834,173608
173845,173840
173855,174320
173865,175055
173875,175864
173884,176595
173927,178443
173934,178937
173944,179336
173955,179759
173965,179940
173975,179711
173985,179154
173994,178424
174005,177570
174015,176838
174025,176437
174035,176489
174044,176962
174054,177944
174064,178911
174074,179809
174085,181129
174095,182430
174105,183872
174115,185518
174124,187037
174134,188458
174144,189471
174154,190212
174164,190184
174175,190171
174185,190124
174195,190009
174205,190107
174215,190173
174225,190249
174235,190303
174244,190483
174255,190560
174328,188873
174333,179154
174338,184225
174345,183525
174354,183044
174395,181647
174405,181723
174455,184699
174466,185083
174474,185623
174485,186971
174495,188453
174505,189578
174514,190358
174525,190890
174535,190991
174545,190702
174555,190229
174564,189496
174575,188887
174585,188250
174595,187816
174605,187599
174615,187512
174625,187419
174635,187369
174644,187204
174655,187303
174706,190412
174714,192258
174725,194106
174734,195211
174744,195435
174755,194878
174764,190870
174775,187116
174785,184557
174795,182879
174804,182814
174815,182943
174825,183742
174835,183796
174844,183675
174855,183834
174864,183738
174875,183526
174884,183147
174895,183181
174905,183210
174915,183330
174924,183298
174935,183556
174945,183892
174955,184238
174964,184339
175009,183530
175016,183091
175024,183052
175067,181768
175075,181516
175116,182879
175125,181248
175167,181639
175175,181672
175185,181593
175195,181281
175204,181033
175215,180823
175225,180669
175235,180593
175246,180605
175256,180724
175266,181001
175276,181410
175285,181910
175295,182419
175305,182746
175315,182764
175326,182637
175336,181730
175346,180741
175356,180359
175365,180345
175376,180641
175386,181710
175396,183223
175406,184451
175416,184581
175426,184095
175436,183186
175445,182331
175456,181702
175507,181724
175515,181704
175525,181717
175536,181708
175546,181760
175556,181874
175565,182090
175575,182248
175586,182450
175596,182786
175605,183246
175616,183669
175626,183840
175636,184104
175645,184386
175656,184451
175666,184423
175676,184371
175686,184299
175726,185337
175736,185519
175744,185544
175787,184675
175797,183972
175805,183283
175847,180743
175856,180275
175865,179750
175947,177664
175955,178209
175965,178731
175976,179220
175986,179985
175996,180418
176005,180967
176016,181724
176026,182422
176036,182892
176045,182679
176056,182091
176066,181285
176076,180215
176085,179014
176096,177684
176106,176951
176116,176430
176125,176450
176136,177296
176146,178862
176156,180450
176165,181590
176175,182058
176185,181582
176195,181123
176206,180570
176216,180331
176226,181188
176236,181234
176245,181488
176256,181869
176305,180213
176316,180063
176326,180229
176336,180295
176346,180411
176356,180937
176366,181863
176376,183082
176386,184215
176396,184702
176405,184704
176415,185157
176425,185796
176435,186274
176487,186928
176496,186428
176536,185737
176546,183663
176556,184555
176606,185458
176649,186679
176655,186844
176665,187425
176675,187903
176685,188594
176695,189090
176746,188036
176755,186339
176765,185327
176775,184718
176785,184218
176795,183756
176805,183251
176815,182794
176825,182405
176835,181901
176845,181623
176855,181565
176865,181827
176875,182331
176885,183034
176895,183819
176905,184372
176915,184582
176925,184756
176935,184719
176945,184658
176955,184686
176965,185587
176975,185614
176985,185515
176995,185176
177006,185414
177015,185694
177025,186159
177035,186841
177045,187618
177055,188066
177098,186969
177106,186403
177116,185807
177128,185448
177136,185456
177145,185424
177155,185247
177165,184995
177176,184569
177185,184239
177196,183890
177206,183549
177256,184110
177266,184562
177278,184898
177287,185037
177295,185245
177307,185593
177317,186100
177327,186672
177336,187093
177346,187421
177388,187819
177397,187568
177406,187273
177447,186586
177491,186743
177497,186915
177540,187629
177588,188623
177597,188724
177606,188858
177616,189046
177627,189056
177636,189064
177646,189189
177656,189356
177666,189572
177676,189868
177686,190258
177696,190557
177706,190710
177716,190865
177726,190937
177736,191067
177746,191200
177756,191348
177766,191256
177776,191334
177786,191333
177796,191246
177806,191246
177816,191226
177826,191257
177836,191145
177846,191121
177856,191100
177906,191339
177917,191299
177926,191445
177936,191666
177946,191878
177956,192015
177966,192169
177976,192267
177986,192255
177996,192307
178006,192370
178016,192384
178026,192333
178036,192190
178046,191990
178056,191841
178066,191748
178076,191662
178086,191509
178096,191438
178138,190285
178189,188772
178197,188275
178248,188595
178257,188969
178266,189169
178276,188603
178286,187905
178297,188186
178337,189354
178346,189700
178356,189780
178366,189772
178376,189933
178386,189980
178396,189873
178406,189701
178416,189651
178426,189611
178436,189455
178446,189191
178456,189227
178466,189216
178476,189025
178486,188658
178496,188457
178506,188317
178516,188435
178526,188471
178536,188677
178546,188663
178556,188460
178566,188422
178576,188684
178586,188878
178596,189065
178606,189260
178616,189442
178626,189597
178636,189638
178646,189721
178656,189689
178699,189933
178707,189510
178716,189515
178726,189452
178736,189451
178746,189453
178798,189570
178839,189253
178847,189149
178856,188979
178898,188560
178908,188729
178917,188956
178927,188999
178937,189071
178947,189086
178957,189059
178967,189015
178977,188947
178987,188813
178997,188753
179007,188791
179017,188879
179027,189041
179037,189049
179047,189048
179057,188998
179099,188267
179108,188090
179118,188000
179127,187759
179137,187521
179147,187224
179157,186932
179167,186837
179177,186747
179187,186780
179197,186826
179207,187018
179217,187072
179227,187037
179237,187379
179247,187292
179257,187108
179267,187055
179277,186937
179287,186852
179297,186968
179307,187204
179317,187486
179327,187768
179337,188052
179347,188178
179357,188216
179367,188172
179377,188105
179387,188025
179397,187921
179407,187670
179458,187263
179510,186961
179552,186895
179562,186645
179597,186633
179603,187108
179608,186338
179618,186379
179661,186124
179669,185706
179677,185912
179688,186056
179697,186024
179707,186075
179717,186189
179727,186146
179737,186048
179747,185908
179757,185751
179767,185600
179777,185423
179787,185163
179797,184925
179807,184689
179817,184717
179827,184589
179837,184726
179847,184916
179857,185116
179908,185535
179917,185474
179927,185171
179937,184570
179947,183757
179957,183065
179967,182634
179977,182276
179987,181924
179997,181669
180007,180881
180018,179950
180027,180058
180037,180813
180047,181439
180058,181995
180067,181990
180078,181777
180087,181175
180098,180697
180107,180096
180117,179726
180127,179651
180138,180010
180147,180467
180157,181277
180201,182109
180211,183300
180258,186134
180270,187058
180306,187308
180309,182634
180349,189305
180392,189734
180402,191068
180409,191315
180418,191296
180427,190915
180437,190223
180448,190457
180457,190642
180468,190867
180477,190999
180487,191196
180498,191391
180507,191455
180518,191402
180527,191315
180538,191226
180548,191194
180558,191184
180568,191417
180578,191627
180588,191883
180598,193234
180608,193850
180618,193461
180628,193081
180638,192528
180648,194280
180658,194701
180707,192909
180718,193025
180728,192423
180738,190396
180748,192517
180758,196875
180768,184597
180778,178476
180788,178721
180798,180276
180808,181486
180818,182026
180828,183042
180838,184173
180848,185210
180858,185987
180868,186409
180878,186676
180888,186868
180898,186849
180909,186916
180950,187224
180958,187325
181043,183715
181053,184579
181091,186296
181100,178476
181107,192888
181118,193455
181128,193721
181138,193912
181148,193560
181158,193060
181168,192865
181178,192732
181188,192172
181198,191610
181208,191072
181218,190218
181229,189389
181238,188488
181249,187937
181258,187323
181269,187293
181278,187508
181289,187648
181298,187773
181309,187694
181318,187678
181329,187560
181338,187499
181349,187394
181358,187315
181369,187141
181378,187448
181388,187450
181399,187546
181408,188170
181419,189355
181428,189225
181439,189965
181448,191117
181499,189466
181508,188045
181519,186755
181528,185997
181539,185715
181549,185514
181558,185822
181568,185713
181578,185931
181588,186748
181598,188005
181608,189202
181652,191655
181659,192194
181669,193033
181678,193202
181689,193307
181699,193511
181708,193908
181719,194269
181728,194267
181739,194194
181750,194055
181789,193858
181801,194695
181810,208812
181849,177354
181853,188045
181862,103471
181868,106105
181911,117688
181919,121614
181928,107050
181939,92234
181948,81308
181960,66660
182001,34438
182009,31413
182018,28900
182029,24944
182038,21269
182048,18789
182058,16873
182069,15631
182078,14592
182088,14108
182099,14132
182108,14285
182118,14922
182128,15957
182139,17631
182148,19626
182159,22801
182168,26977
182179,32479
182188,37592
182199,41794
182208,45174
182219,48236
182228,50344
182239,51698
182248,51870
182259,51467
182304,48371
182309,48389
182318,49103
182328,50026
182339,51082
182349,53004
182358,55652
182369,59206
182378,66645
182389,79665
182399,90816
182408,103047
182459,26915
182470,17473
182520,3966
182530,3855
182569,2907
182580,2597
182590,2327
182599,2125
182609,2026
182620,1953
182629,1890
182639,1828
182650,1773
182659,1741
182670,1696
182711,1648
182722,90816
182730,1539
182739,1499
182749,1476
182760,1480
182769,1454
182780,1452
182789,1415
182799,1400
182810,1379
182819,1385
182830,1379
182839,1367
182850,1347
182859,1356
182870,1331
182879,1337
182890,1313
182899,1317
182910,1304
182919,1290
182930,1281
182939,1276
182950,1273
182959,1244
182970,1255
182979,1208
182990,1231
182999,1177
183010,1206
183019,1179
183030,1210
183039,1201
183049,1189
183090,1265
183131,1270
183141,1252
183150,1268
183201,1223
183210,1307
183260,1278
183271,1295
183279,1341
183290,1339
183299,1349
183310,1341
183319,1337
183330,1341
183339,1342
183350,1325
183359,1275
183370,1322
183379,1304
183390,1316
183399,1290
183410,1307
183419,1292
183430,1313
183439,1292
183450,1330
183496,1313
183500,1271
183510,1328
183519,1251
183529,1316
183540,1364
183549,1318
183560,1376
183569,1332
183579,1263
183590,1387
183599,1335
183610,1401
183619,1366
183630,1393
183639,1379
183650,1400
183659,1391
183670,1416
183679,1355
183690,1408
183699,1375
183709,1347
183719,1341
183730,1384
183739,1327
183750,1372
183760,1362
183769,1282
183811,1365
183821,1482
183830,1381
183873,1384
183880,1389
183929,1424
183940,1378
183984,1464
183992,1464
184032,1495
184040,1507
184049,1460
184059,1484
184070,1516
184080,1538
184089,1509
184100,1548
184109,1532
184119,1530
184130,1527
184139,1523
184150,1551
184159,1507
184170,1569
184179,1562
184190,1602
184200,1640
184209,1636
184220,1666
184229,1694
184239,1705
184250,1693
184300,1601
184310,1726
184321,1688
184330,1667
184341,1655
184350,1661
184360,1663
184371,1657
184380,1635
184391,1625
184400,1601
184411,1616
184420,1602
184431,1606
184440,1592
184451,1599
184460,1589
184471,1582
184480,1594
184491,1593
184500,1585
184511,1567
184520,1569
184531,1567
184574,1499
184582,1556
184625,1565
184662,1458
184665,1688
184671,1623
184681,1575
184721,1565
184772,1555
184813,1600
184823,1589
184831,1634
184840,1562
184850,1567
184861,1604
184870,1564
184880,1564
184891,1586
184900,1598
184911,1576
184920,1554
184931,1554
184940,1596
184951,1592
184960,1555
184970,1610
184981,1575
184990,1638
185000,1632
185011,1624
185020,1668
185031,1635
185040,1637
185051,1673
185095,1578
185100,1643
185111,1665
185120,1662
185131,1695
185140,1717
185150,1657
185160,1708
185171,1710
185180,1729
185190,1700
185200,1733
185211,1718
185220,1735
185231,1731
185240,1714
185251,1733
185260,1722
185271,1731
185280,1724
185291,1742
185300,1740
185311,1758
185320,1728
185412,1694
185452,1727
185460,1676
185470,1668
185480,1746
185491,1795
185501,1797
185510,1751
185520,1745
185531,1787
185540,1733
185552,1745
185593,1767
185602,1744
185611,1769
185620,1730
185631,1792
185640,1704
185651,1781
185660,1692
185671,1767
185680,1670
185690,1654
185701,1757
185710,1637
185720,1640
185731,1714
185740,1627
185751,1693
185761,1684
185770,1636
185781,1710
185790,1604
185800,1592
185811,1689
185820,1589
185831,1677
185840,1626
185850,1640
185860,1592
185870,1614
185881,1696
185890,1621
185900,1594
185910,1614
185921,1698
185963,1660
185970,1663
185980,1652
185990,1660
186000,1672
186010,1697
186020,1602
186064,1697
186068,1640
186073,1685
186110,1702
186122,1731
186164,1743
186171,1715
186216,1645
186222,1652
186231,1753
186241,1701
186252,1715
186261,1710
186272,1692
186281,1728
186292,1709
186301,1713
186311,1695
186321,1722
186331,1711
186341,1713
186352,1707
186361,1721
186407,1729
186411,1687
186422,1752
186431,1709
186442,1718
186451,1702
186461,1712
186471,1716
186481,1710
186492,1706
186501,1728
186512,1721
186521,1740
186532,1711
186541,1732
186551,1720
186561,1729
186572,1708
186581,1727
186591,1730
186601,1729
186611,1742
186622,1728
186631,1725
186642,1749
186651,1706
186662,1745
186671,1687
186681,1685
186692,1733
186782,1697
186825,1827
186834,1762
186841,1769
186887,1786
186892,1757
186901,1782
186911,1746
186921,1790
186932,1789
186941,1748
186951,1782
186961,1797
186972,1782
186981,1781
186992,1786
187002,1786
187011,1788
187022,1796
187031,1790
187042,1798
187051,1795
187062,1796
187071,1760
187081,1787
187092,1812
187143,1701
187153,1760
187161,1715
187171,1691
187182,1792
187191,1760
187201,1772
187211,1736
187221,1697
187231,1746
187241,1756
187252,1785
187261,1746
187271,1745
187281,1765
187292,1763
187301,1732
187311,1738
187321,1745
187332,1787
187341,1750
187351,1718
187361,1742
187372,1782
187381,1745
187391,1738
187437,1672
187484,1720
187492,1690
187533,1707
187542,1755
187584,1706
187588,1756
187593,1714
187603,1714
187612,1694
187622,1731
187631,1654
187642,1707
187651,1657
187662,1702
187671,1637
187681,1651
187692,1720
187701,1650
187711,1698
187721,1674
187731,1706
187742,1709
187751,1654
187761,1655
187771,1708
187782,1709
187791,1694
187802,1713
187812,1697
187821,1678
187832,1710
187842,1709
187851,1714
187861,1735
187872,1709
187882,1710
187893,1712
187934,1743
187943,1719
187952,1721
187962,1715
187973,1721
187982,1706
187992,1710
188002,1704
188013,1699
188022,1701
188033,1712
188042,1708
188053,1702
188062,1693
188073,1707
188082,1723
188093,1711
188135,1699
188138,1694
188142,1648
188153,1791
188194,1710
188203,1770
188213,1706
188254,1762
188264,1721
188352,1767
188364,1730
188373,1736
188382,1717
188392,1736
188402,1748
188413,1733
188422,1741
188433,1737
188442,1739
188452,1717
188463,1745
188472,1717
188483,1745
188492,1712
188503,1734
188512,1727
188522,1729
188533,1708
188542,1684
188553,1702
188562,1683
188572,1711
188583,1688
188592,1721
188602,1644
188612,1716
188623,1702
188632,1725
188642,1719
188652,1732
188663,1714
188672,1718
188682,1749
188692,1705
188736,1769
188743,1730
188754,1772
188762,1753
188772,1710
188782,1723
188792,1752
188802,1764
188813,1742
188822,1764
188833,1752
188842,1740
188886,1765
188893,1747
188934,1783
188945,1683
189024,1714
189033,1744
189043,1771
189052,1720
189062,1676
189073,1770
189082,1716
189092,1652
189103,1759
189112,1648
189122,1715
189132,1647
189144,1632
189187,1689
189193,1678
189203,1713
189212,1704
189222,1642
189233,1735
189242,1672
189252,1636
189263,1744
189272,1625
189282,1708
189293,1730
189302,1717
189312,1683
189322,1689
189333,1740
189342,1673
189352,1665
189362,1687
189373,1784
189382,1660
189392,1643
189402,1623
189412,1623
189423,1755
189432,1630
189442,1677
189452,1644
189463,1727
189472,1639
189482,1640
189492,1634
189537,1712
189585,1726
189592,1646
189602,1641
189612,1678
189622,1652
189632,1651
189643,1730
189652,1655
189662,1665
189672,1665
189714,1724
189723,1744
189732,1647
189744,1793
189752,1704
189763,1742
189773,1727
189784,1735
189794,1731
189805,1778
189813,1687
189863,1792
189913,1794
189923,1788
189933,1771
189943,1772
189953,1781
189963,1761
189974,1788
189983,1749
189993,1763
190035,1784
190044,1609
190054,1763
190063,1706
190073,1789
190083,1782
190094,1765
190103,1771
190113,1763
190123,1774
190134,1762
190143,1773
190153,1747
190163,1749
190174,1759
190183,1750
190193,1770
190203,1752
190213,1731
190223,1729
190233,1739
190243,1760
190254,1729
190263,1736
190274,1734
190283,1732
190293,1713
190336,1719
190343,1753
190354,1760
190363,1704
190373,1706
190384,1733
190393,1673
190403,1701
190454,1713
190465,1715
190509,1705
190514,1699
190525,1743
190568,1717
190571,1729
190575,1729
190584,1813
190593,1724
190603,1683
190613,1738
190623,1732
190633,1707
190643,1744
190654,1732
190663,1713
190673,1718
190683,1751
190694,1740
190745,1641
190754,1769
190764,1759
190773,1748
190783,1710
190794,1757
190803,1742
190813,1711
190824,1761
190833,1766
190843,1759
190853,1716
190864,1769
190873,1763
190883,1765
190893,1699
190904,1787
190913,1752
190923,1756
190933,1703
190944,1765
190953,1743
190963,1752
190973,1698
190984,1776
190993,1769
191003,1732
191013,1679
191024,1791
191033,1754
191043,1671
191053,1682
191064,1809
191073,1758
191117,1756
191125,1741
191133,1703
191178,1771
191185,1803
191229,1737
191234,1765
191238,1812
191244,1759
191286,1816
191295,1850
191305,1706
191314,1807
191323,1791
191333,1701
191344,1823
191353,1690
191363,1727
191373,1708
191383,1704
191393,1726
191404,1785
191414,1784
191423,1704
191433,1698
191444,1765
191453,1699
191463,1724
191473,1722
191483,1671
191493,1718
191537,1788
191545,1747
191554,1704
191563,1746
191574,1750
191584,1752
191593,1757
191604,1752
191613,1739
191624,1740
191633,1760
191643,1748
191653,1769
191664,1742
191675,1742
191684,1770
191694,1748
191705,1755
191714,1764
191724,1758
191735,1765
191744,1751
191755,1750
191764,1764
191774,1741
191785,1745
191794,1746
191804,1743
191847,1753
191854,1756
191864,1682
191905,1769
191942,1787
191946,1752
191956,1723
191965,1699
192015,1733
192026,1797
192034,1713
192045,1712
192054,1741
192064,1727
192075,1730
192084,1727
192094,1719
192105,1719
192114,1716
192125,1717
192134,1725
192144,1715
192155,1728
192165,1730
192175,1735
192184,1746
192194,1769
192204,1780
192214,1784
192224,1821
192235,1841
192244,1795
192254,1829
192265,1823
192274,1840
192285,1851
192294,1862
192335,1996
192344,1959
192356,2082
192364,2067
192375,2070
192384,2108
192394,2158
192404,2197
192414,2225
192425,2225
192434,2268
192445,2314
192454,2315
192464,2306
192475,2289
192484,2186
192494,2140
192504,2083
192514,2028
192525,2038
192575,1839
192585,1722
192661,1407
192665,1463
192676,1375
192719,1240
192725,1236
192815,1546
192825,1491
192835,1515
192844,1578
192854,1619
192865,1832
192874,1879
192885,2131
192894,2204
192904,2215
192915,2386
192924,2497
192934,2601
192945,2714
192954,2625
192965,2754
192974,2668
192984,2576
192995,2676
193004,2580
193014,2449
193024,2352
193034,2254
193044,2068
193054,1829
193065,1768
193074,1576
193085,1695
193094,1488
193139,1522
193146,1670
193155,1664
193165,1702
193174,1700
193184,1749
193195,1887
193206,2001
193214,1967
193225,2124
193235,2089
193245,2166
193286,2193
193294,2007
193304,1944
193314,1846
193325,1904
193335,1872
193345,1813
193355,1958
193364,2009
193374,2023
193425,1893
193468,1728
193475,1720
193486,1697
193525,1532
193575,1312
193585,1319
193595,1288
193606,1272
193615,1289
193625,1265
193666,1283
193675,1313
193686,1296
193695,1342
193705,1343
193715,1364
193725,1404
193736,1440
193745,1476
193755,1538
193765,1570
193776,1617
193785,1698
193795,1730
193805,1815
193815,1874
193825,1957
193835,2053
193845,2094
193855,2125
193865,2153
193875,2191
193885,2177
193895,2179
193946,2254
193958,2208
193966,2166
193976,2119
193986,2089
193995,2053
194005,1995
194016,1998
194025,1957
194036,1976
194046,1996
194055,1979
194066,1986
194109,1833
194149,1877
194158,1943
194201,2089
194206,2178
194216,2203
194225,2293
194235,2392
194246,2442
194255,2657
194265,2899
194275,3089
194285,3365
194295,3547
194336,3926
194338,2053
194346,2783
194356,2728
194366,2609
194375,2570
194386,2368
194395,2314
194406,2276
194415,2253
194425,2230
194435,2284
194446,2351
194455,2366
194466,2379
194475,2322
194486,2419
194495,2431
194506,2450
194515,2451
194526,2469
194535,2470
194546,2516
194556,2564
194565,2620
194576,2581
194585,2268
194596,2072
194605,2050
194616,2240
194625,2457
194635,2691
194646,3101
194655,3937
194666,4787
194675,4650
194686,5423
194695,6129
194741,9007
194746,8946
194788,2379
194796,7763
194848,8180
194889,8449
194893,2516
194899,8571
194905,8370
194915,8222
194926,8169
194935,7897
194946,7827
194955,7507
194966,7390
194975,7124
194986,7122
194995,6944
195005,6875
195016,6906
195025,6787
195036,6852
195045,6684
195056,6583
195065,6289
195075,6272
195086,6383
195095,6263
195139,6515
195146,6464
195156,6587
195165,6761
195176,6883
195185,6929
195195,7021
195206,7040
195216,7054
195226,7002
195235,6988
195246,6990
195255,6964
195266,6928
195275,6913
195286,6825
195297,6702
195306,6518
195316,6342
195326,6187
195336,6039
195347,5897
195356,5807
195367,5760
195376,5709
195386,5762
195396,5841
195406,5922
195447,5982
